2023-10-28 05:55:12,966 [INFO] Activator:176 - 


2023-10-28 05:55:12,973 [INFO] Activator:177 - !SESSION log4j initialized
2023-10-28 05:55:19,371 [INFO] LogOutputStream:77 - [STDOUT_REDIRECT] 
2023-10-28 05:55:20,996 [INFO] ApplicationProperties:184 - Using Application install path: C:\ST\STM32CubeIDE_1.13.0\STM32CubeIDE\plugins\com.st.stm32cube.common.mx_6.9.0.202307051724
2023-10-28 05:55:21,020 [INFO] DbMcusXml:78 - Set database path to: C:\ST\STM32CubeIDE_1.13.0\STM32CubeIDE\plugins\com.st.stm32cube.common.mx_6.9.0.202307051724\\db\/mcu/
2023-10-28 05:55:21,020 [INFO] ApiDb:274 - Set plugin database path to: C:\ST\STM32CubeIDE_1.13.0\STM32CubeIDE\plugins\com.st.stm32cube.common.mx_6.9.0.202307051724\\db\/plugins/boardmanager/
2023-10-28 05:55:21,021 [WARN] ApiDb:259 - Overriding images path with different value:  => C:\ST\STM32CubeIDE_1.13.0\STM32CubeIDE\plugins\com.st.stm32cube.common.mx_6.9.0.202307051724\\db\/plugins/mcufinder/images/
2023-10-28 05:55:21,041 [INFO] ApiDb:250 - Set database path to: C:\Users\Amit Tayade\.stmcufinder\plugins\mcufinder//mcu/
2023-10-28 05:55:21,042 [INFO] DbMcusAds:125 - Set database path to: C:\Users\Amit Tayade\.stmcufinder\plugins\mcufinder//mcu/
2023-10-28 05:55:21,045 [INFO] CrossReferenceDbSqlite:203 - Set database path to: C:\Users\Amit Tayade\.stmcufinder\plugins\mcufinder//mcu/cs/
2023-10-28 05:55:21,184 [INFO] RulesReader:64 - Compatibility file has been processed (293 Rules)
2023-10-28 05:55:21,287 [INFO] DbMcusXml:78 - Set database path to: C:\ST\STM32CubeIDE_1.13.0\STM32CubeIDE\plugins\com.st.stm32cube.common.mx_6.9.0.202307051724\\db\/mcu/
2023-10-28 05:55:21,287 [INFO] ApiDb:274 - Set plugin database path to: C:\ST\STM32CubeIDE_1.13.0\STM32CubeIDE\plugins\com.st.stm32cube.common.mx_6.9.0.202307051724\\db\/plugins/boardmanager/
2023-10-28 05:55:21,287 [INFO] ApiDb:261 - Set plugin images path to: C:\ST\STM32CubeIDE_1.13.0\STM32CubeIDE\plugins\com.st.stm32cube.common.mx_6.9.0.202307051724\\db\/plugins/mcufinder/images/
2023-10-28 05:55:21,287 [WARN] DbFile:41 - Overriding database path with different value: C:\Users\Amit Tayade\.stmcufinder\plugins\mcufinder/ => C:\Users\Amit Tayade\.stmcufinder\plugins\mcufinder
2023-10-28 05:55:21,287 [INFO] ApiDb:250 - Set database path to: C:\Users\Amit Tayade\.stmcufinder\plugins\mcufinder//mcu/
2023-10-28 05:55:21,287 [WARN] DbFile:41 - Overriding database path with different value: C:\Users\Amit Tayade\.stmcufinder\plugins\mcufinder/ => C:\Users\Amit Tayade\.stmcufinder\plugins\mcufinder
2023-10-28 05:55:21,288 [INFO] DbMcusAds:125 - Set database path to: C:\Users\Amit Tayade\.stmcufinder\plugins\mcufinder//mcu/
2023-10-28 05:55:21,288 [WARN] DbFile:41 - Overriding database path with different value: C:\Users\Amit Tayade\.stmcufinder\plugins\mcufinder/ => C:\Users\Amit Tayade\.stmcufinder\plugins\mcufinder
2023-10-28 05:55:21,288 [WARN] DbFile:41 - Overriding database path with different value: C:\Users\Amit Tayade\.stmcufinder\plugins\mcufinder/ => C:\Users\Amit Tayade\.stmcufinder\plugins\mcufinder
2023-10-28 05:55:21,288 [INFO] CrossReferenceDbSqlite:203 - Set database path to: C:\Users\Amit Tayade\.stmcufinder\plugins\mcufinder//mcu/cs/
2023-10-28 05:55:21,393 [INFO] MainPanel:262 - HeapMemory: 268435456
2023-10-28 05:55:21,544 [INFO] DbMcusXml:78 - Set database path to: C:\ST\STM32CubeIDE_1.13.0\STM32CubeIDE\plugins\com.st.stm32cube.common.mx_6.9.0.202307051724\\db\/mcu/
2023-10-28 05:55:21,544 [INFO] ApiDb:274 - Set plugin database path to: C:\ST\STM32CubeIDE_1.13.0\STM32CubeIDE\plugins\com.st.stm32cube.common.mx_6.9.0.202307051724\\db\/plugins/boardmanager/
2023-10-28 05:55:21,544 [INFO] ApiDb:261 - Set plugin images path to: C:\ST\STM32CubeIDE_1.13.0\STM32CubeIDE\plugins\com.st.stm32cube.common.mx_6.9.0.202307051724\\db\/plugins/mcufinder/images/
2023-10-28 05:55:21,545 [WARN] DbFile:41 - Overriding database path with different value: C:\Users\Amit Tayade\.stmcufinder\plugins\mcufinder/ => C:\Users\Amit Tayade\.stmcufinder\plugins\mcufinder
2023-10-28 05:55:21,545 [INFO] ApiDb:250 - Set database path to: C:\Users\Amit Tayade\.stmcufinder\plugins\mcufinder//mcu/
2023-10-28 05:55:21,545 [WARN] DbFile:41 - Overriding database path with different value: C:\Users\Amit Tayade\.stmcufinder\plugins\mcufinder/ => C:\Users\Amit Tayade\.stmcufinder\plugins\mcufinder
2023-10-28 05:55:21,546 [INFO] DbMcusAds:125 - Set database path to: C:\Users\Amit Tayade\.stmcufinder\plugins\mcufinder//mcu/
2023-10-28 05:55:21,546 [WARN] DbFile:41 - Overriding database path with different value: C:\Users\Amit Tayade\.stmcufinder\plugins\mcufinder/ => C:\Users\Amit Tayade\.stmcufinder\plugins\mcufinder
2023-10-28 05:55:21,546 [WARN] DbFile:41 - Overriding database path with different value: C:\Users\Amit Tayade\.stmcufinder\plugins\mcufinder/ => C:\Users\Amit Tayade\.stmcufinder\plugins\mcufinder
2023-10-28 05:55:21,546 [INFO] CrossReferenceDbSqlite:203 - Set database path to: C:\Users\Amit Tayade\.stmcufinder\plugins\mcufinder//mcu/cs/
2023-10-28 05:55:21,574 [INFO] ApplicationProperties:184 - Using Application install path: C:\ST\STM32CubeIDE_1.13.0\STM32CubeIDE\plugins\com.st.stm32cube.common.mx_6.9.0.202307051724
2023-10-28 05:55:21,577 [INFO] PluginManage:196 - Search for loadable plugins [exclusion list=, ]
2023-10-28 05:55:21,579 [INFO] PluginManage:310 - Check plugin analytics
2023-10-28 05:55:21,887 [INFO] AnalyticsPlugin:253 - Accepted Software Licenses: 
2023-10-28 05:55:21,887 [INFO] AnalyticsPlugin:255 - Accepted CMSIS Pack Licenses: 
2023-10-28 05:55:21,888 [INFO] AnalyticsPlugin:257 - Accepted Firmware Licenses: FW.F4.1.27.0
2023-10-28 05:55:21,891 [INFO] PluginManage:359 - Loaded plugin analytics (category:tool,tabindex:-1)
2023-10-28 05:55:21,892 [INFO] PluginManage:310 - Check plugin cadmodel
2023-10-28 05:55:21,900 [INFO] CADModel:105 - Init CAD model plugin
2023-10-28 05:55:21,900 [INFO] PluginManage:359 - Loaded plugin cadmodel (category:power,tabindex:5)
2023-10-28 05:55:21,901 [INFO] PluginManage:310 - Check plugin clock
2023-10-28 05:55:21,917 [INFO] PluginManage:359 - Loaded plugin clock (category:base,tabindex:2)
2023-10-28 05:55:21,917 [INFO] PluginManage:310 - Check plugin ddr
2023-10-28 05:55:21,921 [INFO] PluginManage:359 - Loaded plugin ddr (category:tool,tabindex:6)
2023-10-28 05:55:21,921 [INFO] PluginManage:310 - Check plugin filemanager
2023-10-28 05:55:22,158 [INFO] PluginManage:359 - Loaded plugin filemanager (category:base,tabindex:10)
2023-10-28 05:55:22,159 [INFO] PluginManage:310 - Check plugin ipmanager
2023-10-28 05:55:22,170 [INFO] PluginManage:359 - Loaded plugin ipmanager (category:base,tabindex:5)
2023-10-28 05:55:22,171 [INFO] PluginManage:310 - Check plugin lpbam
2023-10-28 05:55:22,185 [INFO] PluginManage:359 - Loaded plugin lpbam (category:base,tabindex:0)
2023-10-28 05:55:22,185 [INFO] PluginManage:310 - Check plugin memorymap
2023-10-28 05:55:22,210 [INFO] PluginManage:359 - Loaded plugin memorymap (category:base,tabindex:4)
2023-10-28 05:55:22,210 [INFO] PluginManage:310 - Check plugin pinoutandconfiguration
2023-10-28 05:55:22,224 [INFO] PluginManage:359 - Loaded plugin pinoutandconfiguration (category:base,tabindex:1)
2023-10-28 05:55:22,224 [INFO] PluginManage:310 - Check plugin pinoutconfig
2023-10-28 05:55:22,355 [WARN] SupportedApi:132 - Cannot load RTOS API schema: s4s-elt-must-match.1: The content of 'definitions' must match (annotation?, (simpleType | complexType)?, (unique | key | keyref)*)). A problem was found starting at: attribute.
2023-10-28 05:55:22,542 [INFO] PluginManage:359 - Loaded plugin pinoutconfig (category:base,tabindex:0)
2023-10-28 05:55:22,543 [INFO] PluginManage:310 - Check plugin power
2023-10-28 05:55:22,555 [INFO] PluginManage:359 - Loaded plugin power (category:power,tabindex:4)
2023-10-28 05:55:22,556 [INFO] PluginManage:310 - Check plugin projectmanager
2023-10-28 05:55:22,570 [INFO] PluginManage:359 - Loaded plugin projectmanager (category:projectmanager,tabindex:3)
2023-10-28 05:55:22,571 [INFO] PluginManage:310 - Check plugin thirdparty
2023-10-28 05:55:22,742 [INFO] PluginManage:359 - Loaded plugin thirdparty (category:base,tabindex:-1)
2023-10-28 05:55:22,742 [WARN] IntegrityCheckThread:84 - waiting for thirdparty lock release [integrity check]
2023-10-28 05:55:22,742 [INFO] PluginManage:310 - Check plugin tools
2023-10-28 05:55:22,742 [INFO] IntegrityCheckThread:86 - entering critical section [integrity check]
2023-10-28 05:55:22,743 [INFO] ThirdPartyUpdaterWithRetryManager:70 - Updater plugin not ready yet. [1/15]
2023-10-28 05:55:22,746 [INFO] PluginManage:359 - Loaded plugin tools (category:base,tabindex:7)
2023-10-28 05:55:22,746 [INFO] PluginManage:310 - Check plugin tutovideos
2023-10-28 05:55:22,959 [INFO] PluginManage:359 - Loaded plugin tutovideos (category:base,tabindex:-1)
2023-10-28 05:55:22,960 [INFO] PluginManage:310 - Check plugin updater
2023-10-28 05:55:22,977 [INFO] PluginManage:359 - Loaded plugin updater (category:base,tabindex:12)
2023-10-28 05:55:22,977 [INFO] PluginManage:310 - Check plugin userauth
2023-10-28 05:55:22,986 [INFO] UserAuth:113 - Init User Auth plugin
2023-10-28 05:55:22,986 [INFO] PluginManage:359 - Loaded plugin userauth (category:base,tabindex:14)
2023-10-28 05:55:22,987 [INFO] PluginManage:283 - PluginManage : Loaded plugins [17]
2023-10-28 05:55:23,295 [INFO] PinOutPanel:1499 - setPackage(No Configuration,No Configuration)
2023-10-28 05:55:23,448 [INFO] CADModel:165 - CPN selected for project level
2023-10-28 05:55:23,448 [INFO] CADModel:114 - Register for checkConnection events
2023-10-28 05:55:23,479 [INFO] IPUIPlugin:80 - create IPUIPlugin
2023-10-28 05:55:23,479 [INFO] PluginManager:220 - loadIPPluginJar : add adc
2023-10-28 05:55:23,484 [INFO] IPUIPlugin:80 - create IPUIPlugin
2023-10-28 05:55:23,484 [INFO] PluginManager:220 - loadIPPluginJar : add aes
2023-10-28 05:55:23,488 [INFO] IPUIPlugin:80 - create IPUIPlugin
2023-10-28 05:55:23,489 [INFO] PluginManager:220 - loadIPPluginJar : add can
2023-10-28 05:55:23,491 [INFO] IPUIPlugin:80 - create IPUIPlugin
2023-10-28 05:55:23,492 [INFO] PluginManager:220 - loadIPPluginJar : add comp
2023-10-28 05:55:23,495 [INFO] IPUIPlugin:80 - create IPUIPlugin
2023-10-28 05:55:23,495 [INFO] PluginManager:220 - loadIPPluginJar : add cryp
2023-10-28 05:55:23,498 [INFO] IPUIPlugin:80 - create IPUIPlugin
2023-10-28 05:55:23,499 [INFO] PluginManager:220 - loadIPPluginJar : add dfsdm
2023-10-28 05:55:23,506 [INFO] IPUIPlugin:80 - create IPUIPlugin
2023-10-28 05:55:23,507 [INFO] PluginManager:220 - loadIPPluginJar : add dma
2023-10-28 05:55:23,511 [INFO] IPUIPlugin:80 - create IPUIPlugin
2023-10-28 05:55:23,511 [INFO] PluginManager:220 - loadIPPluginJar : add dma3
2023-10-28 05:55:23,513 [INFO] IPUIPlugin:80 - create IPUIPlugin
2023-10-28 05:55:23,513 [INFO] PluginManager:220 - loadIPPluginJar : add fatfs
2023-10-28 05:55:23,519 [INFO] IPUIPlugin:80 - create IPUIPlugin
2023-10-28 05:55:23,520 [INFO] PluginManager:220 - loadIPPluginJar : add fmc
2023-10-28 05:55:23,528 [INFO] IPUIPlugin:80 - create IPUIPlugin
2023-10-28 05:55:23,528 [INFO] PluginManager:220 - loadIPPluginJar : add freertos
2023-10-28 05:55:23,530 [INFO] IPUIPlugin:80 - create IPUIPlugin
2023-10-28 05:55:23,531 [INFO] PluginManager:220 - loadIPPluginJar : add genericplugin
2023-10-28 05:55:23,534 [INFO] IPUIPlugin:80 - create IPUIPlugin
2023-10-28 05:55:23,534 [INFO] PluginManager:220 - loadIPPluginJar : add gfxmmu
2023-10-28 05:55:23,542 [INFO] IPUIPlugin:80 - create IPUIPlugin
2023-10-28 05:55:23,542 [INFO] PluginManager:220 - loadIPPluginJar : add gic
2023-10-28 05:55:23,549 [INFO] IPUIPlugin:80 - create IPUIPlugin
2023-10-28 05:55:23,549 [INFO] PluginManager:220 - loadIPPluginJar : add gpio
2023-10-28 05:55:23,554 [INFO] IPUIPlugin:80 - create IPUIPlugin
2023-10-28 05:55:23,555 [INFO] PluginManager:220 - loadIPPluginJar : add gtzc
2023-10-28 05:55:23,559 [INFO] IPUIPlugin:80 - create IPUIPlugin
2023-10-28 05:55:23,559 [INFO] PluginManager:220 - loadIPPluginJar : add hash
2023-10-28 05:55:23,564 [INFO] IPUIPlugin:80 - create IPUIPlugin
2023-10-28 05:55:23,564 [INFO] PluginManager:220 - loadIPPluginJar : add i2c
2023-10-28 05:55:23,569 [INFO] IPUIPlugin:80 - create IPUIPlugin
2023-10-28 05:55:23,569 [INFO] PluginManager:220 - loadIPPluginJar : add i2s
2023-10-28 05:55:23,573 [INFO] IPUIPlugin:80 - create IPUIPlugin
2023-10-28 05:55:23,573 [INFO] PluginManager:220 - loadIPPluginJar : add i3c
2023-10-28 05:55:23,578 [INFO] IPUIPlugin:80 - create IPUIPlugin
2023-10-28 05:55:23,578 [INFO] PluginManager:220 - loadIPPluginJar : add ipddr
2023-10-28 05:55:23,591 [INFO] IPUIPlugin:80 - create IPUIPlugin
2023-10-28 05:55:23,591 [INFO] PluginManager:220 - loadIPPluginJar : add linkedlist
2023-10-28 05:55:23,596 [INFO] IPUIPlugin:80 - create IPUIPlugin
2023-10-28 05:55:23,596 [INFO] PluginManager:220 - loadIPPluginJar : add lorawan
2023-10-28 05:55:23,598 [INFO] IPUIPlugin:80 - create IPUIPlugin
2023-10-28 05:55:23,600 [INFO] PluginManager:220 - loadIPPluginJar : add ltdc
2023-10-28 05:55:23,611 [INFO] IPUIPlugin:80 - create IPUIPlugin
2023-10-28 05:55:23,611 [INFO] PluginManager:220 - loadIPPluginJar : add mdma
2023-10-28 05:55:23,617 [INFO] IPUIPlugin:80 - create IPUIPlugin
2023-10-28 05:55:23,618 [INFO] PluginManager:220 - loadIPPluginJar : add nvic
2023-10-28 05:55:23,623 [INFO] IPUIPlugin:80 - create IPUIPlugin
2023-10-28 05:55:23,623 [INFO] PluginManager:220 - loadIPPluginJar : add opamp
2023-10-28 05:55:23,629 [INFO] IPUIPlugin:80 - create IPUIPlugin
2023-10-28 05:55:23,629 [INFO] PluginManager:220 - loadIPPluginJar : add openamp
2023-10-28 05:55:23,633 [INFO] IPUIPlugin:80 - create IPUIPlugin
2023-10-28 05:55:23,633 [INFO] PluginManager:220 - loadIPPluginJar : add pdm2pcm
2023-10-28 05:55:23,641 [INFO] IPUIPlugin:80 - create IPUIPlugin
2023-10-28 05:55:23,644 [INFO] PluginManager:220 - loadIPPluginJar : add plateformsettings
2023-10-28 05:55:23,647 [INFO] IPUIPlugin:80 - create IPUIPlugin
2023-10-28 05:55:23,647 [INFO] PluginManager:220 - loadIPPluginJar : add quadspi
2023-10-28 05:55:23,654 [INFO] IPUIPlugin:80 - create IPUIPlugin
2023-10-28 05:55:23,655 [INFO] PluginManager:220 - loadIPPluginJar : add resmgrutility
2023-10-28 05:55:23,660 [INFO] IPUIPlugin:80 - create IPUIPlugin
2023-10-28 05:55:23,660 [INFO] PluginManager:220 - loadIPPluginJar : add sai
2023-10-28 05:55:23,664 [INFO] IPUIPlugin:80 - create IPUIPlugin
2023-10-28 05:55:23,664 [INFO] PluginManager:220 - loadIPPluginJar : add spi
2023-10-28 05:55:23,671 [INFO] IPUIPlugin:80 - create IPUIPlugin
2023-10-28 05:55:23,672 [INFO] PluginManager:220 - loadIPPluginJar : add stm32_wpan
2023-10-28 05:55:23,674 [INFO] IPUIPlugin:80 - create IPUIPlugin
2023-10-28 05:55:23,675 [INFO] PluginManager:220 - loadIPPluginJar : add tim
2023-10-28 05:55:23,681 [INFO] IPUIPlugin:80 - create IPUIPlugin
2023-10-28 05:55:23,681 [INFO] PluginManager:220 - loadIPPluginJar : add touchsensing
2023-10-28 05:55:23,685 [INFO] IPUIPlugin:80 - create IPUIPlugin
2023-10-28 05:55:23,686 [INFO] PluginManager:220 - loadIPPluginJar : add tracer_emb
2023-10-28 05:55:23,689 [INFO] IPUIPlugin:80 - create IPUIPlugin
2023-10-28 05:55:23,689 [INFO] PluginManager:220 - loadIPPluginJar : add ts
2023-10-28 05:55:23,691 [INFO] IPUIPlugin:80 - create IPUIPlugin
2023-10-28 05:55:23,691 [INFO] PluginManager:220 - loadIPPluginJar : add tsc
2023-10-28 05:55:23,694 [INFO] IPUIPlugin:80 - create IPUIPlugin
2023-10-28 05:55:23,694 [INFO] PluginManager:220 - loadIPPluginJar : add ucpd
2023-10-28 05:55:23,699 [INFO] IPUIPlugin:80 - create IPUIPlugin
2023-10-28 05:55:23,699 [INFO] PluginManager:220 - loadIPPluginJar : add usart
2023-10-28 05:55:23,703 [INFO] IPUIPlugin:80 - create IPUIPlugin
2023-10-28 05:55:23,703 [INFO] PluginManager:220 - loadIPPluginJar : add usbx
2023-10-28 05:55:23,850 [INFO] CADModel:165 - CPN selected for project level
2023-10-28 05:55:23,850 [INFO] CADModel:114 - Register for checkConnection events
2023-10-28 05:55:23,850 [FATAL] Updater:308 - Updater called before beeing initialized
2023-10-28 05:55:23,850 [ERROR] CADModel:125 - Updater not yet initialized, retry later 
2023-10-28 05:55:24,057 [INFO] CADModel:165 - CPN selected for project level
2023-10-28 05:55:24,057 [INFO] CADModel:114 - Register for checkConnection events
2023-10-28 05:55:24,058 [FATAL] Updater:308 - Updater called before beeing initialized
2023-10-28 05:55:24,058 [ERROR] CADModel:125 - Updater not yet initialized, retry later 
2023-10-28 05:55:24,063 [FATAL] Updater:308 - Updater called before beeing initialized
2023-10-28 05:55:24,194 [FATAL] Updater:308 - Updater called before beeing initialized
2023-10-28 05:55:24,203 [INFO] DbMcusAds:53 - JSON generation date=Tue Mar 07 14:20:55 IST 2023 (1678179055114)
2023-10-28 05:55:24,203 [FATAL] Updater:308 - Updater called before beeing initialized
2023-10-28 05:55:24,269 [WARN] DetailPanel:346 - Failed to get advertising image, set to default
2023-10-28 05:55:24,366 [FATAL] Updater:308 - Updater called before beeing initialized
2023-10-28 05:55:24,369 [FATAL] Updater:308 - Updater called before beeing initialized
2023-10-28 05:55:24,370 [FATAL] Updater:308 - Updater called before beeing initialized
2023-10-28 05:55:24,370 [WARN] DetailPanel:346 - Failed to get advertising image, set to default
2023-10-28 05:55:24,371 [FATAL] Updater:308 - Updater called before beeing initialized
2023-10-28 05:55:24,427 [ERROR] Updater:1120 - MainUpdater not yet initialized. External WinMGr cannot be set.
2023-10-28 05:55:24,429 [INFO] Updater:1056 - Updater Version found : 6.9.0
2023-10-28 05:55:24,450 [INFO] ApplicationProperties:184 - Using Application install path: C:\ST\STM32CubeIDE_1.13.0\STM32CubeIDE\plugins\com.st.stm32cube.common.mx_6.9.0.202307051724
2023-10-28 05:55:24,902 [INFO] MainUpdater:2868 - connection check result : 10
2023-10-28 05:55:24,903 [INFO] MainUpdater:3562 - Updater definition file requires update
2023-10-28 05:55:24,904 [INFO] MainUpdater:285 - Updater Check For Update Now.
2023-10-28 05:55:24,904 [INFO] MicroXplorer:498 - Change Database Version : DB.6.0.90
2023-10-28 05:55:24,912 [INFO] McuFinderGlobals:63 - Set McuFinder mode to 2 (CubeIDE integrated)
2023-10-28 05:55:25,554 [INFO] ServerAccessManage:473 - Download File updaters.zip
2023-10-28 05:55:25,744 [WARN] MainUpdater:1189 - Updater busy. Cannot search thirdparties
2023-10-28 05:55:25,744 [INFO] ThirdPartyUpdaterWithRetryManager:96 - Updater plugin is busy. [1/15]
2023-10-28 05:55:26,365 [INFO] FileExtend:240 - Unzip File : updaters.zip
2023-10-28 05:55:26,365 [INFO] FileExtend:255 - Standard Zip Deflate
2023-10-28 05:55:27,119 [ERROR] ConfigurationRetriever:142 - IOException on connection: Read timed out
2023-10-28 05:55:27,122 [INFO] ServerAccessManage:473 - Download File PacksControlFlags.xml
2023-10-28 05:55:27,571 [INFO] ServerAccessManage:473 - Download File cubemx.pidx
2023-10-28 05:55:28,452 [INFO] ServerAccessManage:473 - Download File STMicroelectronics.X-CUBE-EEPRMA1.pdsc
2023-10-28 05:55:28,746 [WARN] MainUpdater:1189 - Updater busy. Cannot search thirdparties
2023-10-28 05:55:28,747 [INFO] ThirdPartyUpdaterWithRetryManager:96 - Updater plugin is busy. [2/15]
2023-10-28 05:55:30,032 [ERROR] ServerAccessManage:1089 - Problem, file not found on Server
2023-10-28 05:55:31,748 [WARN] MainUpdater:1189 - Updater busy. Cannot search thirdparties
2023-10-28 05:55:31,748 [INFO] ThirdPartyUpdaterWithRetryManager:96 - Updater plugin is busy. [3/15]
2023-10-28 05:55:32,421 [INFO] ServerAccessManage:473 - Download File STMicroelectronics.X-CUBE-MEMS1.pdsc
2023-10-28 05:55:34,761 [WARN] MainUpdater:1189 - Updater busy. Cannot search thirdparties
2023-10-28 05:55:34,761 [INFO] ThirdPartyUpdaterWithRetryManager:96 - Updater plugin is busy. [4/15]
2023-10-28 05:55:37,767 [WARN] MainUpdater:1189 - Updater busy. Cannot search thirdparties
2023-10-28 05:55:37,767 [INFO] ThirdPartyUpdaterWithRetryManager:96 - Updater plugin is busy. [5/15]
2023-10-28 05:55:40,777 [WARN] MainUpdater:1189 - Updater busy. Cannot search thirdparties
2023-10-28 05:55:40,777 [INFO] ThirdPartyUpdaterWithRetryManager:96 - Updater plugin is busy. [6/15]
2023-10-28 05:55:43,788 [WARN] MainUpdater:1189 - Updater busy. Cannot search thirdparties
2023-10-28 05:55:43,789 [INFO] ThirdPartyUpdaterWithRetryManager:96 - Updater plugin is busy. [7/15]
2023-10-28 05:55:46,795 [WARN] MainUpdater:1189 - Updater busy. Cannot search thirdparties
2023-10-28 05:55:46,795 [INFO] ThirdPartyUpdaterWithRetryManager:96 - Updater plugin is busy. [8/15]
2023-10-28 05:55:48,536 [ERROR] LogOutputStream:75 - [STDERR_REDIRECT] SLF4J: Failed to load class "org.slf4j.impl.StaticLoggerBinder".
2023-10-28 05:55:48,536 [ERROR] LogOutputStream:75 - [STDERR_REDIRECT] SLF4J: Defaulting to no-operation (NOP) logger implementation
2023-10-28 05:55:48,536 [ERROR] LogOutputStream:75 - [STDERR_REDIRECT] SLF4J: See http://www.slf4j.org/codes.html#StaticLoggerBinder for further details.
2023-10-28 05:55:49,797 [WARN] MainUpdater:1189 - Updater busy. Cannot search thirdparties
2023-10-28 05:55:49,797 [INFO] ThirdPartyUpdaterWithRetryManager:96 - Updater plugin is busy. [9/15]
2023-10-28 05:55:52,804 [WARN] MainUpdater:1189 - Updater busy. Cannot search thirdparties
2023-10-28 05:55:52,804 [INFO] ThirdPartyUpdaterWithRetryManager:96 - Updater plugin is busy. [10/15]
2023-10-28 05:55:55,820 [WARN] MainUpdater:1189 - Updater busy. Cannot search thirdparties
2023-10-28 05:55:55,820 [INFO] ThirdPartyUpdaterWithRetryManager:96 - Updater plugin is busy. [11/15]
2023-10-28 05:55:58,833 [WARN] MainUpdater:1189 - Updater busy. Cannot search thirdparties
2023-10-28 05:55:58,833 [INFO] ThirdPartyUpdaterWithRetryManager:96 - Updater plugin is busy. [12/15]
2023-10-28 05:56:00,284 [ERROR] ServerAccessManage:1096 - Problem, Http access forbiden
2023-10-28 05:56:00,284 [ERROR] ServerAccessManage:651 - Problem, Http access forbiden : RoweBots.I-CUBE-UNISONRTOS.pdsc.
2023-10-28 05:56:00,536 [WARN] PackLoader:240 - Cannot read IP mode file for STMicroelectronics.X-CUBE-EEPRMA1.4.2.0
2023-10-28 05:56:00,648 [WARN] PackLoader:240 - Cannot read IP mode file for STMicroelectronics.X-CUBE-MEMS1.10.0.0
2023-10-28 05:56:00,680 [INFO] CheckServerUpdateThread:120 - End of CheckServer Thread
2023-10-28 05:56:00,882 [INFO] PopulateThirdPartyThread:66 - Ending populate Thread
2023-10-28 05:56:00,885 [INFO] ThirdParty:1030 - CMSIS Pack Vendor :STMicroelectronics X-CUBE-MEMS1 10.0.0
2023-10-28 05:56:00,885 [INFO] ThirdParty:1030 - CMSIS Pack Vendor :STMicroelectronics X-CUBE-EEPRMA1 4.2.0
2023-10-28 05:56:00,885 [INFO] LoadServerUpdatesThread:373 - End of LoadServerUpdate Thread
2023-10-28 05:56:02,078 [WARN] PackLoader:240 - Cannot read IP mode file for STMicroelectronics.X-CUBE-SMBUS.2.1.0
2023-10-28 05:56:02,094 [WARN] PackLoader:240 - Cannot read IP mode file for STMicroelectronics.X-CUBE-AZRTOS-F7.1.1.0
2023-10-28 05:56:02,109 [WARN] PackLoader:240 - Cannot read IP mode file for STMicroelectronics.FP-SNS-MOTENV1.4.3.2
2023-10-28 05:56:02,125 [WARN] PackLoader:240 - Cannot read IP mode file for STMicroelectronics.X-CUBE-BLE1.6.2.4
2023-10-28 05:56:02,125 [WARN] PackLoader:240 - Cannot read IP mode file for STMicroelectronics.FP-SNS-FLIGHT1.5.0.2
2023-10-28 05:56:02,141 [WARN] PackLoader:240 - Cannot read IP mode file for STMicroelectronics.X-CUBE-DISPLAY.3.0.0
2023-10-28 05:56:02,162 [WARN] PackLoader:240 - Cannot read IP mode file for STMicroelectronics.X-CUBE-BLE1.7.0.0
2023-10-28 05:56:02,172 [WARN] PackLoader:240 - Cannot read IP mode file for emotas.I-CUBE-CANOPEN.1.3.0
2023-10-28 05:56:02,172 [WARN] PackLoader:240 - Cannot read IP mode file for STMicroelectronics.X-CUBE-TOUCHGFX.4.22.0
2023-10-28 05:56:02,172 [WARN] PackLoader:240 - Cannot read IP mode file for STMicroelectronics.X-CUBE-TOUCHGFX.4.22.1
2023-10-28 05:56:02,188 [WARN] PackLoader:240 - Cannot read IP mode file for STMicroelectronics.FP-SNS-SMARTAG2.1.2.0
2023-10-28 05:56:02,193 [INFO] LogOutputStream:77 - [STDOUT_REDIRECT] 1 : Invalid condition id : UX_CORESTACK_Condition cause : null
2023-10-28 05:56:02,193 [INFO] LogOutputStream:77 - [STDOUT_REDIRECT] 1 : Invalid condition id : UX_CORESTACK_Condition cause : null
2023-10-28 05:56:02,193 [INFO] LogOutputStream:77 - [STDOUT_REDIRECT] 1 : Invalid condition id : UX_CORESTACK_Condition cause : null
2023-10-28 05:56:02,204 [INFO] LogOutputStream:77 - [STDOUT_REDIRECT] 1 : Invalid condition id : UX_CORESTACK_Condition cause : null
2023-10-28 05:56:02,204 [INFO] LogOutputStream:77 - [STDOUT_REDIRECT] 1 : Invalid condition id : UX_CORESTACK_Condition cause : null
2023-10-28 05:56:02,204 [WARN] PackLoader:240 - Cannot read IP mode file for STMicroelectronics.X-CUBE-AZRTOS-WL.2.0.0
2023-10-28 05:56:02,225 [WARN] PackLoader:240 - Cannot read IP mode file for WES.I-CUBE-Cesium.1.3.0
2023-10-28 05:56:02,225 [WARN] PackLoader:240 - Cannot read IP mode file for STMicroelectronics.X-CUBE-BLE2.3.3.0
2023-10-28 05:56:02,238 [WARN] PackLoader:240 - Cannot read IP mode file for STMicroelectronics.X-CUBE-ALGOBUILD.1.3.0
2023-10-28 05:56:02,252 [WARN] PackLoader:240 - Cannot read IP mode file for STMicroelectronics.X-CUBE-AZRTOS-G0.1.1.0
2023-10-28 05:56:02,268 [WARN] PackLoader:240 - Cannot read IP mode file for STMicroelectronics.X-CUBE-NFC4.3.0.0
2023-10-28 05:56:02,268 [WARN] PackLoader:240 - Cannot read IP mode file for STMicroelectronics.FP-ATR-SIGFOX1.3.2.0
2023-10-28 05:56:02,299 [WARN] PackLoader:240 - Cannot read IP mode file for SEGGER.I-CUBE-embOS.1.3.1
2023-10-28 05:56:02,377 [WARN] PackLoader:240 - Cannot read IP mode file for STMicroelectronics.X-CUBE-GNSS1.6.0.0
2023-10-28 05:56:02,409 [WARN] PackLoader:240 - Cannot read IP mode file for STMicroelectronics.X-CUBE-AZRTOS-F4.1.1.0
2023-10-28 05:56:02,409 [WARN] PackLoader:240 - Cannot read IP mode file for wolfSSL.I-CUBE-wolfSSL.5.6.3
2023-10-28 05:56:02,424 [WARN] PackLoader:240 - Cannot read IP mode file for STMicroelectronics.X-CUBE-AZRTOS-L5.2.0.0
2023-10-28 05:56:02,535 [WARN] PackLoader:240 - Cannot read IP mode file for STMicroelectronics.X-CUBE-MEMS1.9.6.0
2023-10-28 05:56:02,708 [WARN] PackLoader:240 - Cannot read IP mode file for STMicroelectronics.X-CUBE-EEPRMA1.4.2.0
2023-10-28 05:56:02,713 [WARN] PackLoader:240 - Cannot read IP mode file for ITTIA_DB.I-CUBE-ITTIADB.8.8.0
2023-10-28 05:56:02,723 [WARN] PackLoader:240 - Cannot read IP mode file for STMicroelectronics.X-CUBE-BLEMGR.2.0.0
2023-10-28 05:56:02,739 [WARN] ConditionMgr:438 - getConditionDescription Invalid condition id : UX DEVICE CLASS RTOS Condition cause : null
2023-10-28 05:56:02,739 [WARN] ConditionMgr:438 - getConditionDescription Invalid condition id : UX DEVICE CLASS RTOS Condition cause : null
2023-10-28 05:56:02,754 [WARN] PackLoader:240 - Cannot read IP mode file for STMicroelectronics.X-CUBE-AZRTOS-H7.3.1.0
2023-10-28 05:56:02,754 [WARN] ConditionMgr:1039 - genDependencies : Invalid condition id : UX DEVICE CLASS RTOS Condition cause : null
2023-10-28 05:56:02,754 [WARN] ConditionMgr:1039 - genDependencies : Invalid condition id : UX DEVICE CLASS RTOS Condition cause : null
2023-10-28 05:56:02,754 [WARN] ConditionMgr:1039 - genDependencies : Invalid condition id : UX DEVICE CLASS RTOS Condition cause : null
2023-10-28 05:56:02,754 [WARN] ConditionMgr:1039 - genDependencies : Invalid condition id : UX DEVICE CLASS RTOS Condition cause : null
2023-10-28 05:56:02,754 [WARN] ConditionMgr:1039 - genDependencies : Invalid condition id : UX DEVICE CLASS RTOS Condition cause : null
2023-10-28 05:56:02,763 [WARN] PackLoader:240 - Cannot read IP mode file for STMicroelectronics.X-CUBE-NFC7.1.0.1
2023-10-28 05:56:02,770 [WARN] PackLoader:240 - Cannot read IP mode file for STMicroelectronics.X-CUBE-NFC6.3.0.0
2023-10-28 05:56:02,770 [WARN] PackLoader:240 - Cannot read IP mode file for STMicroelectronics.X-CUBE-EEPRMA1.4.1.0
2023-10-28 05:56:02,788 [WARN] PackLoader:240 - Cannot read IP mode file for STMicroelectronics.X-CUBE-AI.8.1.0
2023-10-28 05:56:02,802 [WARN] ConditionMgr:438 - getConditionDescription Invalid condition id : LAN8742 Phy interface Condition cause : null
2023-10-28 05:56:02,802 [WARN] PackLoader:240 - Cannot read IP mode file for STMicroelectronics.X-CUBE-AZRTOS-L4.2.0.0
2023-10-28 05:56:02,802 [WARN] ConditionMgr:1039 - genDependencies : Invalid condition id : LAN8742 Phy interface Condition cause : null
2023-10-28 05:56:02,802 [WARN] ConditionMgr:1039 - genDependencies : Invalid condition id : LAN8742 Phy interface Condition cause : null
2023-10-28 05:56:02,802 [WARN] ConditionMgr:1039 - genDependencies : Invalid condition id : LAN8742 Phy interface Condition cause : null
2023-10-28 05:56:02,821 [WARN] PackLoader:240 - Cannot read IP mode file for STMicroelectronics.X-CUBE-SFXS2LP1.4.0.0
2023-10-28 05:56:02,821 [WARN] PackLoader:240 - Cannot read IP mode file for STMicroelectronics.X-CUBE-ISPU.1.1.0
2023-10-28 05:56:02,834 [WARN] ConditionMgr:438 - getConditionDescription Invalid condition id : UX DEVICE CLASS RTOS Condition cause : null
2023-10-28 05:56:02,834 [WARN] ConditionMgr:438 - getConditionDescription Invalid condition id : UX DEVICE CLASS RTOS Condition cause : null
2023-10-28 05:56:02,834 [WARN] PackLoader:240 - Cannot read IP mode file for STMicroelectronics.X-CUBE-AZRTOS-WB.2.0.0
2023-10-28 05:56:02,834 [WARN] ConditionMgr:1039 - genDependencies : Invalid condition id : UX DEVICE CLASS RTOS Condition cause : null
2023-10-28 05:56:02,834 [WARN] ConditionMgr:1039 - genDependencies : Invalid condition id : UX DEVICE CLASS RTOS Condition cause : null
2023-10-28 05:56:02,834 [WARN] ConditionMgr:1039 - genDependencies : Invalid condition id : UX DEVICE CLASS RTOS Condition cause : null
2023-10-28 05:56:02,834 [WARN] ConditionMgr:1039 - genDependencies : Invalid condition id : UX DEVICE CLASS RTOS Condition cause : null
2023-10-28 05:56:02,834 [WARN] ConditionMgr:1039 - genDependencies : Invalid condition id : UX DEVICE CLASS RTOS Condition cause : null
2023-10-28 05:56:02,849 [WARN] PackLoader:240 - Cannot read IP mode file for STMicroelectronics.X-CUBE-FREERTOS.1.0.1
2023-10-28 05:56:02,865 [WARN] PackLoader:240 - Cannot read IP mode file for STMicroelectronics.X-CUBE-AZRTOS-L5.1.1.0
2023-10-28 05:56:02,865 [WARN] PackLoader:240 - Cannot read IP mode file for STMicroelectronics.X-CUBE-AI.8.0.1
2023-10-28 05:56:02,881 [WARN] PackLoader:240 - Cannot read IP mode file for STMicroelectronics.X-CUBE-SUBG2.5.0.0
2023-10-28 05:56:02,897 [WARN] PackLoader:240 - Cannot read IP mode file for STMicroelectronics.X-CUBE-TOF1.3.3.1
2023-10-28 05:56:02,928 [WARN] PackLoader:240 - Cannot read IP mode file for STMicroelectronics.X-CUBE-AZRTOS-G4.2.0.0
2023-10-28 05:56:02,964 [WARN] PackLoader:240 - Cannot read IP mode file for Infineon.AIROC-Wi-Fi-Bluetooth-STM32.1.5.1
2023-10-28 05:56:03,010 [WARN] PackLoader:240 - Cannot read IP mode file for STMicroelectronics.X-CUBE-MEMS1.10.0.0
2023-10-28 05:56:03,201 [WARN] PackLoader:240 - Cannot read IP mode file for STMicroelectronics.X-CUBE-FREERTOS.1.1.0
2023-10-28 05:56:03,201 [WARN] PackLoader:240 - Cannot read IP mode file for portGmbH.I-Cube-SoM-uGOAL.1.1.0
2023-10-28 05:56:03,213 [WARN] PackLoader:240 - Cannot read IP mode file for STMicroelectronics.X-CUBE-ALS.1.0.1
2023-10-28 05:56:03,222 [WARN] PackLoader:240 - Cannot read IP mode file for STMicroelectronics.X-CUBE-AZRTOS-WB.1.1.0
2023-10-28 05:56:03,233 [WARN] PackLoader:240 - Cannot read IP mode file for STMicroelectronics.FP-ATR-ASTRA1.2.0.0
2023-10-28 05:56:03,233 [INFO] ThirdParty:978 - Integrity check success = true
2023-10-28 05:56:03,233 [INFO] IntegrityCheckThread:100 - exiting critical section [integrity check]
2023-10-28 05:56:03,233 [INFO] IntegrityCheckThread:103 - End integrity checks thread
2023-10-28 05:56:16,496 [INFO] McuFinderGlobals:63 - Set McuFinder mode to 2 (CubeIDE integrated)
2023-10-28 05:56:20,198 [INFO] MainUpdater:2868 - connection check result : 10
2023-10-28 05:56:20,199 [INFO] MainUpdater:2868 - connection check result : 10
2023-10-28 05:56:20,255 [INFO] MicroXplorer:468 - Change Database Path : 
2023-10-28 05:56:20,255 [INFO] MicroXplorer:498 - Change Database Version : DB.6.0.90
2023-10-28 05:56:20,261 [WARN] ThirdParty:871 - waiting for thirdparty lock release [close project]
2023-10-28 05:56:20,261 [INFO] ThirdParty:873 - entering critical section [close project]
2023-10-28 05:56:20,262 [INFO] ThirdParty:883 - exiting critical section [close project]
2023-10-28 05:56:20,264 [INFO] PinOutPanel:1499 - setPackage(No Configuration,No Configuration)
2023-10-28 05:56:20,274 [INFO] UtilMem:75 - Begin LoadConfig() Used Memory: 312610208 Bytes (390070272)
2023-10-28 05:56:20,276 [INFO] MicroXplorer:468 - Change Database Path : 
2023-10-28 05:56:20,276 [INFO] MicroXplorer:498 - Change Database Version : DB.6.0.90
2023-10-28 05:56:20,276 [INFO] OpenFileManager:308 - Change cursor
2023-10-28 05:56:20,313 [INFO] Mcu:1946 - Initializing MCU STM32F446R(C-E)Tx STM32F446RETx STM32F446RET6
2023-10-28 05:56:22,611 [INFO] Context:659 - Trying to add GPIOservice into a context  which must be forbidden
2023-10-28 05:56:23,490 [INFO] RtosManager:555 - Registered RTOS mode: class=CMSIS, group=RTOS, mode=CMSIS_V1, owner=FREERTOS
2023-10-28 05:56:23,490 [INFO] RtosManager:555 - Registered RTOS mode: class=CMSIS, group=RTOS2, mode=CMSIS_V2, owner=FREERTOS
2023-10-28 05:56:23,490 [INFO] RtosManager:555 - Registered RTOS mode: class=RTOS, group=Core, mode=CMSIS_V1, owner=FREERTOS
2023-10-28 05:56:23,490 [INFO] RtosManager:555 - Registered RTOS mode: class=RTOS, group=Core, mode=CMSIS_V2, owner=FREERTOS
2023-10-28 05:56:23,490 [WARN] ModelIntegratedComponent:184 - Missing modes for component STMicroelectronics:FreeRTOS:0.0.1:STMicroelectronics:RTOS:FreeRTOS:Core:::10.2.0:
2023-10-28 05:56:23,520 [WARN] ModelIntegratedComponent:63 - No mode defined for component null
2023-10-28 05:56:23,520 [WARN] ModelIntegratedComponent:63 - No mode defined for component null
2023-10-28 05:56:23,520 [WARN] ModelIntegratedComponent:63 - No mode defined for component null
2023-10-28 05:56:23,520 [WARN] ModelIntegratedComponent:63 - No mode defined for component null
2023-10-28 05:56:23,520 [WARN] ModelIntegratedComponent:63 - No mode defined for component null
2023-10-28 05:56:23,520 [WARN] ModelIntegratedComponent:63 - No mode defined for component null
2023-10-28 05:56:23,520 [WARN] ModelIntegratedComponent:63 - No mode defined for component null
2023-10-28 05:56:23,520 [WARN] ModelIntegratedComponent:63 - No mode defined for component null
2023-10-28 05:56:23,520 [WARN] ModelIntegratedComponent:63 - No mode defined for component null
2023-10-28 05:56:23,520 [WARN] ModelIntegratedComponent:63 - No mode defined for component null
2023-10-28 05:56:23,521 [WARN] ModelIntegratedComponent:63 - No mode defined for component null
2023-10-28 05:56:23,521 [WARN] ModelIntegratedComponent:63 - No mode defined for component null
2023-10-28 05:56:23,521 [WARN] ModelIntegratedComponent:63 - No mode defined for component null
2023-10-28 05:56:23,521 [WARN] ModelIntegratedComponent:63 - No mode defined for component null
2023-10-28 05:56:23,521 [WARN] ModelIntegratedComponent:63 - No mode defined for component null
2023-10-28 05:56:23,521 [WARN] ModelIntegratedComponent:63 - No mode defined for component null
2023-10-28 05:56:23,521 [WARN] ModelIntegratedComponent:63 - No mode defined for component null
2023-10-28 05:56:23,521 [WARN] ModelIntegratedComponent:63 - No mode defined for component null
2023-10-28 05:56:23,521 [WARN] ModelIntegratedComponent:63 - No mode defined for component null
2023-10-28 05:56:23,521 [WARN] ModelIntegratedComponent:63 - No mode defined for component null
2023-10-28 05:56:23,521 [WARN] ModelIntegratedComponent:63 - No mode defined for component null
2023-10-28 05:56:23,521 [WARN] ModelIntegratedComponent:63 - No mode defined for component null
2023-10-28 05:56:23,522 [WARN] ModelIntegratedComponent:63 - No mode defined for component null
2023-10-28 05:56:23,522 [WARN] ModelIntegratedComponent:63 - No mode defined for component null
2023-10-28 05:56:23,522 [WARN] ModelIntegratedComponent:63 - No mode defined for component null
2023-10-28 05:56:23,522 [WARN] ModelIntegratedComponent:63 - No mode defined for component null
2023-10-28 05:56:23,522 [WARN] ModelIntegratedComponent:63 - No mode defined for component null
2023-10-28 05:56:23,522 [WARN] ModelIntegratedComponent:63 - No mode defined for component null
2023-10-28 05:56:23,522 [WARN] ModelIntegratedComponent:63 - No mode defined for component null
2023-10-28 05:56:23,522 [WARN] ModelIntegratedComponent:63 - No mode defined for component null
2023-10-28 05:56:23,522 [WARN] ModelIntegratedComponent:63 - No mode defined for component null
2023-10-28 05:56:23,522 [WARN] ModelIntegratedComponent:63 - No mode defined for component null
2023-10-28 05:56:23,522 [WARN] ModelIntegratedComponent:63 - No mode defined for component null
2023-10-28 05:56:23,647 [INFO] ThirdPartyModel:298 - Start build external matchings
2023-10-28 05:56:24,259 [INFO] ThirdPartyModel:316 - End build external matchings
2023-10-28 05:56:24,744 [INFO] UtilMem:75 - End LoadConfig() Used Memory: 428760992 Bytes (657457152)
2023-10-28 05:56:25,164 [INFO] ApiDb:581 - Connected to CubeFinder SQLite database (C:\Users\Amit Tayade\.stmcufinder\plugins\mcufinder\mcu\cube-finder-db.db)
2023-10-28 05:56:25,274 [INFO] ApiDb:668 - CubeFinder database Data Model version=2.1
2023-10-28 05:56:25,274 [INFO] ApiDb:669 - CubeFinder database Configuration version=3.0.37
2023-10-28 05:56:25,274 [INFO] ApiDb:670 - CubeFinder database generation date=2023-08-09 (1691586011)
2023-10-28 05:56:25,275 [INFO] ApiDb:671 - CubeFinder database FW Pack versions=[FP-ATR-ASTRA1_V2.0.0, FP-SNS-FLIGHT1_V5.0.1, FP-SNS-FLIGHT1_V5.0.2, FP-SNS-MOTENV1_V4.3.1, FP-SNS-MOTENV1_V4.3.2, STM32Cube_FW_C0_V1.1.0, STM32Cube_FW_F4_V1.27.1, STM32Cube_FW_F7_V1.17.0, STM32Cube_FW_G0_V1.6.1, STM32Cube_FW_G4_V1.5.1, STM32Cube_FW_H5_V0.5.1, STM32Cube_FW_H5_V1.1.0, STM32Cube_FW_H7_V1.11.0, STM32Cube_FW_L0_V1.12.2, STM32Cube_FW_L5_V1.5.0, STM32Cube_FW_U5_V1.3.0, STM32Cube_FW_U5_V1.3.0RC4, STM32Cube_FW_WBA_V1.0.0RC1, STM32Cube_FW_WBA_V1.1.0, STM32Cube_FW_WBA_V1.1.0RC1, STM32Cube_FW_WB_V1.15.0RC1, STM32Cube_FW_WB_V1.16.0, STM32Cube_FW_WB_V1.16.0RC2, STM32Cube_FW_WB_V1.17.0, STM32Cube_FW_WL_V1.3.0, X-CUBE-ALGOBUILD_V1.3.0, X-CUBE-ALS_V1.0.1, X-CUBE-AZRTOS-F4_V1.1.0, X-CUBE-AZRTOS-F7_V1.1.0, X-CUBE-AZRTOS-G0_V1.1.0, X-CUBE-AZRTOS-G4_V2.0.0, X-CUBE-AZRTOS-H7_V3.1.0, X-CUBE-AZRTOS-L4_V1.0.0, X-CUBE-AZRTOS-L4_V2.0.0, X-CUBE-AZRTOS-L5_V1.1.0, X-CUBE-AZRTOS-WB_V1.1.0, X-CUBE-AZRTOS-WL_V2.0.0, X-CUBE-BLE1_V7.0.0, X-CUBE-BLE2_V3.3.0, X-CUBE-BLEMGR_V2.0.0, X-CUBE-EEPRMA1_V4.1.0, X-CUBE-FREERTOS_V1.1.0, X-CUBE-GNSS1_V6.0.0, X-CUBE-MEMS1_V9.1.0, X-CUBE-MEMS1_V9.4.0, X-CUBE-MEMS1_V9.6.0, X-CUBE-NFC4_V3.0.0, X-CUBE-NFC7_V1.0.0, X-CUBE-SFXS2LP1_V4.0.0, X-CUBE-SUBG2_V5.0.0, X-CUBE-TOF1_V3.3.1]
2023-10-28 05:56:28,443 [INFO] ApiDb:240 - Found 323 in-development CPN: [B-G473E-ZEST1S, B-WB1M-WPAN1, B-WL5M-SUBG1, NUCLEO-C031C6, NUCLEO-H503RB, NUCLEO-H563ZI, NUCLEO-U545RE-Q, NUCLEO-U5A5ZJ-Q, NUCLEO-WBA52CG, STEVAL-PROTEUS1, STEVAL-SMARTAG2, STEVAL-STWINBX1, STM320518-EVAL, STM32C0116-DK, STM32C011D6Y3TR, STM32C011D6Y6TR, STM32C011F4P3, STM32C011F4P6, STM32C011F4U3, STM32C011F4U6TR, STM32C011F6P3, STM32C011F6P6, STM32C011F6U3, STM32C011F6U6TR, STM32C011J4M3, STM32C011J4M6, STM32C011J6M3, STM32C011J6M6, STM32C0316-DK, STM32C031C4T3, STM32C031C4T6, STM32C031C4U3, STM32C031C4U6, STM32C031C6T3, STM32C031C6T6, STM32C031C6U3, STM32C031C6U6, STM32C031F4P3, STM32C031F4P6, STM32C031F6P3, STM32C031F6P6, STM32C031G4U3, STM32C031G4U6, STM32C031G6U3, STM32C031G6U6, STM32C031K4T3, STM32C031K4T6, STM32C031K4U3, STM32C031K4U6, STM32C031K6T3, STM32C031K6T6, STM32C031K6U3, STM32C031K6U6, STM32G071K8TXN, STM32G071K8UXN, STM32G081GBU6N, STM32G081KBT6N, STM32G081KBUXN, STM32G0B1CCT6N, STM32G0B1KCT6, STM32G0B1NEY6TR, STM32G0B1RCT6N, STM32G0C1CCT6, STM32G0C1CCT6N, STM32G0C1CCU6N, STM32G0C1CET6N, STM32G0C1CEU6N, STM32G0C1KCT6, STM32G0C1NEY6TR, STM32G0C1RCI6N, STM32G0C1RCT6N, STM32G0C1REI6N, STM32G0C1RET6N, STM32G0C1VCI6, STM32G0C1VEI6, STM32G471CCT6, STM32G471CCU6, STM32G471CET3, STM32G471CET6, STM32G471CEU3, STM32G471CEU6, STM32G471MCT6, STM32G471MET3, STM32G471MET6, STM32G471MEY6TR, STM32G471QCT6, STM32G471QET3, STM32G471RCT6, STM32G471RET3, STM32G471RET6, STM32G471VCH6, STM32G471VCI6, STM32G471VCT6, STM32G471VEH3, STM32G471VEH6, STM32G471VEI3, STM32G471VEI6, STM32G471VET3, STM32G471VET6, STM32G474CCT6, STM32H503CBT6, STM32H503CBU6, STM32H503EBY6TR, STM32H503KBU6, STM32H503RBT6, STM32H562AGI6, STM32H562AII6, STM32H562IGK6, STM32H562IGT6, STM32H562IIK6, STM32H562IIT6, STM32H562RGT6, STM32H562RGV6, STM32H562RIT6, STM32H562RIV6, STM32H562VGT6, STM32H562VIT6, STM32H562ZGT6, STM32H562ZIT6, STM32H563AGI6, STM32H563AII3Q, STM32H563AII6, STM32H563IGK6, STM32H563IGT6, STM32H563IIK3Q, STM32H563IIK6, STM32H563IIT3Q, STM32H563IIT6, STM32H563MIY3QTR, STM32H563RGT6, STM32H563RGV6, STM32H563RIT6, STM32H563RIV6, STM32H563VGT6, STM32H563VIT3Q, STM32H563VIT6, STM32H563ZGT6, STM32H563ZIT3Q, STM32H563ZIT6, STM32H573AII3Q, STM32H573AII6, STM32H573I-DK, STM32H573IIK3Q, STM32H573IIK6, STM32H573IIT3Q, STM32H573IIT6, STM32H573MIY3QTR, STM32H573RIT6, STM32H573RIV6, STM32H573VIT3Q, STM32H573VIT6, STM32H573ZIT3Q, STM32H573ZIT6, STM32L4R5QGI6STR, STM32MP131AAE3, STM32MP131AAF3, STM32MP131AAG3, STM32MP131CAE3, STM32MP131CAF3, STM32MP131CAG3, STM32MP131DAE7, STM32MP131DAF7, STM32MP131DAG7, STM32MP131FAE7, STM32MP131FAF7, STM32MP131FAG7, STM32MP133AAE3, STM32MP133AAF3, STM32MP133AAG3, STM32MP133CAE3, STM32MP133CAF3, STM32MP133CAG3, STM32MP133DAE7, STM32MP133DAF7, STM32MP133DAG7, STM32MP133FAE7, STM32MP133FAF7, STM32MP133FAG7, STM32MP135AAE3, STM32MP135AAF3, STM32MP135AAG3, STM32MP135CAE3, STM32MP135CAF3, STM32MP135CAG3, STM32MP135DAE7, STM32MP135DAF7, STM32MP135DAG7, STM32MP135F-DK, STM32MP135FAE7, STM32MP135FAF7, STM32MP135FAF7T, STM32MP135FAF7U, STM32MP135FAG7, STM32U535CBT6, STM32U535CBT6Q, STM32U535CBU6, STM32U535CBU6Q, STM32U535CCT6, STM32U535CCT6Q, STM32U535CCU6, STM32U535CCU6Q, STM32U535CET6, STM32U535CET6Q, STM32U535CEU6, STM32U535CEU6Q, STM32U535JEY6QTR, STM32U535NCY6QTR, STM32U535NEY6QTR, STM32U535RBI6, STM32U535RBI6Q, STM32U535RBT6, STM32U535RBT6Q, STM32U535RCI6, STM32U535RCI6Q, STM32U535RCT6, STM32U535RCT6Q, STM32U535REI6, STM32U535REI6Q, STM32U535RET6, STM32U535RET6Q, STM32U535VCI6, STM32U535VCI6Q, STM32U535VCT6, STM32U535VCT6Q, STM32U535VEI6, STM32U535VEI6Q, STM32U535VET6, STM32U535VET6Q, STM32U545CET6, STM32U545CET6Q, STM32U545CEU6, STM32U545CEU6Q, STM32U545JEY6QTR, STM32U545NEY6QTR, STM32U545REI6, STM32U545REI6Q, STM32U545RET6, STM32U545RET6Q, STM32U545VEI6, STM32U545VEI6Q, STM32U545VET6, STM32U545VET6Q, STM32U595AIH6, STM32U595AIH6Q, STM32U595AJH6, STM32U595AJH6Q, STM32U595QII6, STM32U595QII6Q, STM32U595QJI6, STM32U595QJI6Q, STM32U595RIT6, STM32U595RIT6Q, STM32U595RJT6, STM32U595RJT6Q, STM32U595VIT6, STM32U595VIT6Q, STM32U595VJT6, STM32U595VJT6Q, STM32U595ZIT6, STM32U595ZIT6Q, STM32U595ZIY6QTR, STM32U595ZJT6, STM32U595ZJT6Q, STM32U595ZJY6QTR, STM32U599BJY6QTR, STM32U599NIH6Q, STM32U599NJH6Q, STM32U599VIT6Q, STM32U599VJT6, STM32U599VJT6Q, STM32U599ZIT6Q, STM32U599ZIY6QTR, STM32U599ZJT6Q, STM32U599ZJY6QTR, STM32U5A5AJH6, STM32U5A5AJH6Q, STM32U5A5QJI6, STM32U5A5QJI6Q, STM32U5A5RJT6, STM32U5A5RJT6Q, STM32U5A5VJT6, STM32U5A5VJT6Q, STM32U5A5ZJT6, STM32U5A5ZJT6Q, STM32U5A5ZJY6QTR, STM32U5A9BJY6QTR, STM32U5A9J-DK, STM32U5A9NJH6Q, STM32U5A9VJT6Q, STM32U5A9ZJT6Q, STM32U5A9ZJY6QTR, STM32U5F7VIT6, STM32U5F7VIT6Q, STM32U5F7VJT6, STM32U5F7VJT6Q, STM32U5F9BJY6QTR, STM32U5F9NJH6Q, STM32U5F9VIT6Q, STM32U5F9VJT6Q, STM32U5F9ZIJ6QTR, STM32U5F9ZIT6Q, STM32U5F9ZJJ6QTR, STM32U5F9ZJT6Q, STM32U5G7VJT6, STM32U5G7VJT6Q, STM32U5G9BJY6QTR, STM32U5G9J-DK1, STM32U5G9J-DK2, STM32U5G9NJH6Q, STM32U5G9VJT6Q, STM32U5G9ZJJ6QTR, STM32U5G9ZJT6Q, STM32WB1MMCH6, STM32WBA52CEU6, STM32WBA52CEU6T, STM32WBA52CGU6, STM32WBA52CGU6T, STM32WBA52KEU6, STM32WBA52KEU6T, STM32WBA52KGU6, STM32WBA52KGU6T, STM32WL5MOCH6, STM32WL5MOCH6TR]
2023-10-28 05:56:28,452 [INFO] DbMcus:217 - Found 3848 MCUs, 3848 are supported
2023-10-28 05:56:28,453 [INFO] ApiDb:423 - Load user favorites file C:\Users\Amit Tayade/.stm32cubeide/favorites.mcus.txt: 0 item(s)
2023-10-28 05:56:28,453 [INFO] ApiDb:427 - User favorites MCUs=[]
2023-10-28 05:56:28,454 [INFO] DbMcus:223 - Set 0 / 0 favorites MCUs
2023-10-28 05:56:28,977 [WARN] ThirdParty:833 - waiting for thirdparty lock release [change project]
2023-10-28 05:56:28,977 [INFO] ThirdParty:835 - entering critical section [change project]
2023-10-28 05:56:28,977 [INFO] ThirdParty:1030 - CMSIS Pack Vendor :STMicroelectronics X-CUBE-ISPU 1.1.0
2023-10-28 05:56:28,977 [INFO] ThirdParty:1030 - CMSIS Pack Vendor :STMicroelectronics USBPD 4.1
2023-10-28 05:56:28,977 [INFO] ThirdParty:1030 - CMSIS Pack Vendor :STMicroelectronics X-CUBE-GNSS1 6.0.0
2023-10-28 05:56:28,977 [INFO] ThirdParty:1030 - CMSIS Pack Vendor :STMicroelectronics USB_HOST 2.0.0
2023-10-28 05:56:28,978 [INFO] ThirdParty:1030 - CMSIS Pack Vendor :STMicroelectronics X-CUBE-AZRTOS-F4 1.1.0
2023-10-28 05:56:28,978 [INFO] ThirdParty:1030 - CMSIS Pack Vendor :STMicroelectronics LIBJPEG 8.0.0
2023-10-28 05:56:28,978 [INFO] ThirdParty:1030 - CMSIS Pack Vendor :wolfSSL I-CUBE-wolfSSL 5.6.3
2023-10-28 05:56:28,978 [INFO] ThirdParty:1030 - CMSIS Pack Vendor :STMicroelectronics X-CUBE-SMBUS 2.1.0
2023-10-28 05:56:28,978 [INFO] ThirdParty:1030 - CMSIS Pack Vendor :STMicroelectronics USB_DEVICE 3.0.0
2023-10-28 05:56:28,978 [INFO] ThirdParty:1030 - CMSIS Pack Vendor :STMicroelectronics X-CUBE-AZRTOS-WB 2.0.0
2023-10-28 05:56:28,978 [INFO] ThirdParty:1030 - CMSIS Pack Vendor :STMicroelectronics X-CUBE-FREERTOS 1.0.1
2023-10-28 05:56:28,978 [INFO] ThirdParty:1030 - CMSIS Pack Vendor :STMicroelectronics X-CUBE-AZRTOS-F7 1.1.0
2023-10-28 05:56:28,978 [INFO] ThirdParty:1030 - CMSIS Pack Vendor :STMicroelectronics X-CUBE-AZRTOS-L5 2.0.0
2023-10-28 05:56:28,978 [INFO] ThirdParty:1030 - CMSIS Pack Vendor :STMicroelectronics USB_DEVICE 2.0.0
2023-10-28 05:56:28,978 [INFO] ThirdParty:1030 - CMSIS Pack Vendor :STMicroelectronics X-CUBE-MEMS1 9.6.0
2023-10-28 05:56:28,978 [INFO] ThirdParty:1030 - CMSIS Pack Vendor :STMicroelectronics X-CUBE-EEPRMA1 4.2.0
2023-10-28 05:56:28,978 [INFO] ThirdParty:1030 - CMSIS Pack Vendor :ITTIA_DB I-CUBE-ITTIADB 8.8.0
2023-10-28 05:56:28,978 [INFO] ThirdParty:1030 - CMSIS Pack Vendor :STMicroelectronics FP-SNS-MOTENV1 4.3.2
2023-10-28 05:56:28,978 [INFO] ThirdParty:1030 - CMSIS Pack Vendor :STMicroelectronics X-CUBE-ALGOBUILD 1.3.0
2023-10-28 05:56:28,979 [INFO] ThirdParty:1030 - CMSIS Pack Vendor :STMicroelectronics X-CUBE-BLE1 6.2.4
2023-10-28 05:56:28,979 [INFO] ThirdParty:1030 - CMSIS Pack Vendor :STMicroelectronics X-CUBE-AZRTOS-L5 1.1.0
2023-10-28 05:56:28,979 [INFO] ThirdParty:1030 - CMSIS Pack Vendor :STMicroelectronics FreeRTOS 0.0.1
2023-10-28 05:56:28,979 [INFO] ThirdParty:1030 - CMSIS Pack Vendor :STMicroelectronics X-CUBE-AZRTOS-G0 1.1.0
2023-10-28 05:56:28,979 [INFO] ThirdParty:1030 - CMSIS Pack Vendor :STMicroelectronics X-CUBE-BLEMGR 2.0.0
2023-10-28 05:56:28,979 [INFO] ThirdParty:1030 - CMSIS Pack Vendor :STMicroelectronics X-CUBE-AI 8.0.1
2023-10-28 05:56:28,979 [INFO] ThirdParty:1030 - CMSIS Pack Vendor :STMicroelectronics X-CUBE-NFC4 3.0.0
2023-10-28 05:56:28,979 [INFO] ThirdParty:1030 - CMSIS Pack Vendor :STMicroelectronics X-CUBE-SUBG2 5.0.0
2023-10-28 05:56:28,979 [INFO] ThirdParty:1030 - CMSIS Pack Vendor :STMicroelectronics STM32_WPAN 1.0.0
2023-10-28 05:56:28,979 [INFO] ThirdParty:1030 - CMSIS Pack Vendor :STMicroelectronics lwIP 2.0.3
2023-10-28 05:56:28,979 [INFO] ThirdParty:1030 - CMSIS Pack Vendor :STMicroelectronics FP-SNS-FLIGHT1 5.0.2
2023-10-28 05:56:28,979 [INFO] ThirdParty:1030 - CMSIS Pack Vendor :STMicroelectronics USB_HOST 1.0.0
2023-10-28 05:56:28,979 [INFO] ThirdParty:1030 - CMSIS Pack Vendor :STMicroelectronics X-CUBE-TOF1 3.3.1
2023-10-28 05:56:28,979 [INFO] ThirdParty:1030 - CMSIS Pack Vendor :STMicroelectronics X-CUBE-AZRTOS-G4 2.0.0
2023-10-28 05:56:28,979 [INFO] ThirdParty:1030 - CMSIS Pack Vendor :STMicroelectronics PDM2PCM 3.1.0
2023-10-28 05:56:28,979 [INFO] ThirdParty:1030 - CMSIS Pack Vendor :STMicroelectronics X-CUBE-AZRTOS-H7 3.1.0
2023-10-28 05:56:28,980 [INFO] ThirdParty:1030 - CMSIS Pack Vendor :Infineon AIROC-Wi-Fi-Bluetooth-STM32 1.5.1
2023-10-28 05:56:28,980 [INFO] ThirdParty:1030 - CMSIS Pack Vendor :STMicroelectronics PDM2PCM 3.3.0
2023-10-28 05:56:28,980 [INFO] ThirdParty:1030 - CMSIS Pack Vendor :STMicroelectronics X-CUBE-DISPLAY 3.0.0
2023-10-28 05:56:28,980 [INFO] ThirdParty:1030 - CMSIS Pack Vendor :STMicroelectronics X-CUBE-BLE1 7.0.0
2023-10-28 05:56:28,980 [INFO] ThirdParty:1030 - CMSIS Pack Vendor :STMicroelectronics FP-ATR-SIGFOX1 3.2.0
2023-10-28 05:56:28,980 [INFO] ThirdParty:1030 - CMSIS Pack Vendor :STMicroelectronics HAL Drivers 0.0.0
2023-10-28 05:56:28,980 [INFO] ThirdParty:1030 - CMSIS Pack Vendor :STMicroelectronics MBEDTLS 2.16.2
2023-10-28 05:56:28,980 [INFO] ThirdParty:1030 - CMSIS Pack Vendor :emotas I-CUBE-CANOPEN 1.3.0
2023-10-28 05:56:28,980 [INFO] ThirdParty:1030 - CMSIS Pack Vendor :STMicroelectronics X-CUBE-MEMS1 10.0.0
2023-10-28 05:56:28,980 [INFO] ThirdParty:1030 - CMSIS Pack Vendor :STMicroelectronics X-CUBE-FREERTOS 1.1.0
2023-10-28 05:56:28,980 [INFO] ThirdParty:1030 - CMSIS Pack Vendor :STMicroelectronics X-CUBE-TOUCHGFX 4.22.0
2023-10-28 05:56:28,980 [INFO] ThirdParty:1030 - CMSIS Pack Vendor :STMicroelectronics X-CUBE-NFC7 1.0.1
2023-10-28 05:56:28,980 [INFO] ThirdParty:1030 - CMSIS Pack Vendor :STMicroelectronics MBEDTLS 2.14.1
2023-10-28 05:56:28,980 [INFO] ThirdParty:1030 - CMSIS Pack Vendor :STMicroelectronics X-CUBE-TOUCHGFX 4.22.1
2023-10-28 05:56:28,980 [INFO] ThirdParty:1030 - CMSIS Pack Vendor :STMicroelectronics X-CUBE-NFC6 3.0.0
2023-10-28 05:56:28,980 [INFO] ThirdParty:1030 - CMSIS Pack Vendor :STMicroelectronics X-CUBE-EEPRMA1 4.1.0
2023-10-28 05:56:28,981 [INFO] ThirdParty:1030 - CMSIS Pack Vendor :portGmbH I-Cube-SoM-uGOAL 1.1.0
2023-10-28 05:56:28,981 [INFO] ThirdParty:1030 - CMSIS Pack Vendor :STMicroelectronics X-CUBE-ALS 1.0.1
2023-10-28 05:56:28,981 [INFO] ThirdParty:1030 - CMSIS Pack Vendor :STMicroelectronics ThreadX 1.0.0
2023-10-28 05:56:28,981 [INFO] ThirdParty:1030 - CMSIS Pack Vendor :STMicroelectronics FP-SNS-SMARTAG2 1.2.0
2023-10-28 05:56:28,981 [INFO] ThirdParty:1030 - CMSIS Pack Vendor :STMicroelectronics X-CUBE-AZRTOS-WB 1.1.0
2023-10-28 05:56:28,981 [INFO] ThirdParty:1030 - CMSIS Pack Vendor :STMicroelectronics X-CUBE-AZRTOS-WL 2.0.0
2023-10-28 05:56:28,981 [INFO] ThirdParty:1030 - CMSIS Pack Vendor :SEGGER I-CUBE-embOS 1.3.1
2023-10-28 05:56:28,981 [INFO] ThirdParty:1030 - CMSIS Pack Vendor :STMicroelectronics USB_DEVICE 1.0.0
2023-10-28 05:56:28,981 [INFO] ThirdParty:1030 - CMSIS Pack Vendor :STMicroelectronics X-CUBE-AI 8.1.0
2023-10-28 05:56:28,981 [INFO] ThirdParty:1030 - CMSIS Pack Vendor :STMicroelectronics X-CUBE-AZRTOS-L4 2.0.0
2023-10-28 05:56:28,981 [INFO] ThirdParty:1030 - CMSIS Pack Vendor :STMicroelectronics ThreadX 0.0.2
2023-10-28 05:56:28,981 [INFO] ThirdParty:1030 - CMSIS Pack Vendor :WES I-CUBE-Cesium 1.3.0
2023-10-28 05:56:28,981 [INFO] ThirdParty:1030 - CMSIS Pack Vendor :STMicroelectronics FP-ATR-ASTRA1 2.0.0
2023-10-28 05:56:28,981 [INFO] ThirdParty:1030 - CMSIS Pack Vendor :STMicroelectronics lwIP 2.1.2
2023-10-28 05:56:28,981 [INFO] ThirdParty:1030 - CMSIS Pack Vendor :STMicroelectronics X-CUBE-SFXS2LP1 4.0.0
2023-10-28 05:56:28,981 [INFO] ThirdParty:1030 - CMSIS Pack Vendor :STMicroelectronics X-CUBE-BLE2 3.3.0
2023-10-28 05:56:28,982 [INFO] ThirdParty:1030 - CMSIS Pack Vendor :STMicroelectronics PDM2PCM 3.2.0
2023-10-28 05:56:28,982 [INFO] ThirdParty:841 - exiting critical section [change project]
2023-10-28 05:56:29,546 [INFO] PinOutPanel:1499 - setPackage(No Configuration,No Configuration)
2023-10-28 05:56:29,547 [INFO] PinOutPanel:1499 - setPackage(STM32F446RETx,LQFP64)
2023-10-28 05:56:30,339 [INFO] UtilMem:75 - Before build in PCC Used Memory: 264408576 Bytes (666894336)
2023-10-28 05:56:31,473 [INFO] UtilMem:75 - After build in PCC Used Memory: 413127544 Bytes (666894336)
2023-10-28 05:56:31,516 [INFO] IPUIPlugin:80 - create IPUIPlugin
2023-10-28 05:56:31,517 [INFO] IPUIPlugin:80 - create IPUIPlugin
2023-10-28 05:56:31,517 [INFO] IPUIPlugin:80 - create IPUIPlugin
2023-10-28 05:56:31,517 [INFO] IPUIPlugin:80 - create IPUIPlugin
2023-10-28 05:56:31,517 [INFO] IPUIPlugin:80 - create IPUIPlugin
2023-10-28 05:56:31,517 [INFO] IPUIPlugin:80 - create IPUIPlugin
2023-10-28 05:56:31,518 [INFO] IPUIPlugin:80 - create IPUIPlugin
2023-10-28 05:56:31,518 [INFO] IPUIPlugin:80 - create IPUIPlugin
2023-10-28 05:56:31,518 [INFO] IPUIPlugin:80 - create IPUIPlugin
2023-10-28 05:56:31,518 [INFO] IPUIPlugin:80 - create IPUIPlugin
2023-10-28 05:56:31,518 [INFO] IPUIPlugin:80 - create IPUIPlugin
2023-10-28 05:56:31,519 [INFO] IPUIPlugin:80 - create IPUIPlugin
2023-10-28 05:56:31,519 [INFO] IPUIPlugin:80 - create IPUIPlugin
2023-10-28 05:56:31,519 [INFO] IPUIPlugin:80 - create IPUIPlugin
2023-10-28 05:56:31,519 [INFO] IPUIPlugin:80 - create IPUIPlugin
2023-10-28 05:56:31,519 [INFO] IPUIPlugin:80 - create IPUIPlugin
2023-10-28 05:56:31,520 [INFO] IPUIPlugin:80 - create IPUIPlugin
2023-10-28 05:56:31,520 [INFO] IPUIPlugin:80 - create IPUIPlugin
2023-10-28 05:56:31,520 [INFO] IPUIPlugin:80 - create IPUIPlugin
2023-10-28 05:56:31,520 [INFO] IPUIPlugin:80 - create IPUIPlugin
2023-10-28 05:56:31,520 [INFO] IPUIPlugin:80 - create IPUIPlugin
2023-10-28 05:56:31,521 [INFO] IPUIPlugin:80 - create IPUIPlugin
2023-10-28 05:56:31,521 [INFO] IPUIPlugin:80 - create IPUIPlugin
2023-10-28 05:56:31,521 [INFO] IPUIPlugin:80 - create IPUIPlugin
2023-10-28 05:56:31,522 [INFO] IPUIPlugin:80 - create IPUIPlugin
2023-10-28 05:56:31,522 [INFO] IPUIPlugin:80 - create IPUIPlugin
2023-10-28 05:56:31,522 [INFO] IPUIPlugin:80 - create IPUIPlugin
2023-10-28 05:56:31,523 [INFO] IPUIPlugin:80 - create IPUIPlugin
2023-10-28 05:56:31,523 [INFO] IPUIPlugin:80 - create IPUIPlugin
2023-10-28 05:56:31,523 [INFO] IPUIPlugin:80 - create IPUIPlugin
2023-10-28 05:56:31,523 [INFO] IPUIPlugin:80 - create IPUIPlugin
2023-10-28 05:56:31,524 [INFO] IPUIPlugin:80 - create IPUIPlugin
2023-10-28 05:56:31,524 [INFO] IPUIPlugin:80 - create IPUIPlugin
2023-10-28 05:56:31,524 [INFO] IPUIPlugin:80 - create IPUIPlugin
2023-10-28 05:56:31,525 [INFO] IPUIPlugin:80 - create IPUIPlugin
2023-10-28 05:56:31,525 [INFO] IPUIPlugin:80 - create IPUIPlugin
2023-10-28 05:56:31,525 [INFO] IPUIPlugin:80 - create IPUIPlugin
2023-10-28 05:56:31,525 [INFO] IPUIPlugin:80 - create IPUIPlugin
2023-10-28 05:56:31,526 [INFO] IPUIPlugin:80 - create IPUIPlugin
2023-10-28 05:56:31,527 [INFO] IPUIPlugin:80 - create IPUIPlugin
2023-10-28 05:56:31,527 [INFO] IPUIPlugin:80 - create IPUIPlugin
2023-10-28 05:56:31,527 [INFO] IPUIPlugin:80 - create IPUIPlugin
2023-10-28 05:56:31,528 [INFO] IPUIPlugin:80 - create IPUIPlugin
2023-10-28 05:56:31,528 [INFO] IPUIPlugin:80 - create IPUIPlugin
2023-10-28 05:56:31,528 [INFO] IPUIPlugin:80 - create IPUIPlugin
2023-10-28 05:56:31,529 [INFO] IPUIPlugin:80 - create IPUIPlugin
2023-10-28 05:56:31,529 [INFO] IPUIPlugin:80 - create IPUIPlugin
2023-10-28 05:56:31,529 [INFO] IPUIPlugin:80 - create IPUIPlugin
2023-10-28 05:56:31,530 [INFO] IPUIPlugin:80 - create IPUIPlugin
2023-10-28 05:56:31,530 [INFO] IPUIPlugin:80 - create IPUIPlugin
2023-10-28 05:56:31,531 [INFO] IPUIPlugin:80 - create IPUIPlugin
2023-10-28 05:56:31,531 [INFO] IPUIPlugin:80 - create IPUIPlugin
2023-10-28 05:56:31,531 [INFO] IPUIPlugin:80 - create IPUIPlugin
2023-10-28 05:56:31,532 [INFO] IPUIPlugin:80 - create IPUIPlugin
2023-10-28 05:56:31,532 [INFO] IPUIPlugin:80 - create IPUIPlugin
2023-10-28 05:56:31,533 [INFO] IPUIPlugin:80 - create IPUIPlugin
2023-10-28 05:56:31,533 [INFO] IPUIPlugin:80 - create IPUIPlugin
2023-10-28 05:56:31,535 [INFO] IPUIPlugin:80 - create IPUIPlugin
2023-10-28 05:56:31,535 [INFO] IPUIPlugin:80 - create IPUIPlugin
2023-10-28 05:56:31,536 [INFO] IPUIPlugin:80 - create IPUIPlugin
2023-10-28 05:56:31,649 [INFO] ApiDbMcu:507 - Load IP Config File for PDM2PCM
2023-10-28 05:56:31,667 [INFO] Can:71 - Can Add PropertyChangeListener com.st.microxplorer.plugins.ip.can.Can@32114395
2023-10-28 05:56:32,008 [INFO] CADModel:165 - CPN selected for project levelSTM32F446RET6
2023-10-28 05:56:32,008 [INFO] CADModel:114 - Register for checkConnection events
2023-10-28 05:56:32,071 [INFO] OpenFileManager:328 - Restore cursor
2023-10-28 11:10:22,408 [INFO] Activator:176 - 


2023-10-28 11:10:22,411 [INFO] Activator:177 - !SESSION log4j initialized
2023-10-28 11:10:27,317 [INFO] LogOutputStream:77 - [STDOUT_REDIRECT] 
2023-10-28 11:10:27,692 [ERROR] ConfigurationRetriever:142 - IOException on connection: sw-center.st.com
2023-10-28 11:10:27,693 [ERROR] ConfigurationRetriever:142 - IOException on connection: sw-center.st.com
2023-10-28 11:10:27,695 [ERROR] ConfigurationRetriever:142 - IOException on connection: sw-center.st.com
2023-10-28 11:10:29,050 [INFO] ApplicationProperties:184 - Using Application install path: C:\ST\STM32CubeIDE_1.13.0\STM32CubeIDE\plugins\com.st.stm32cube.common.mx_6.9.0.202307051724
2023-10-28 11:10:29,086 [INFO] DbMcusXml:78 - Set database path to: C:\ST\STM32CubeIDE_1.13.0\STM32CubeIDE\plugins\com.st.stm32cube.common.mx_6.9.0.202307051724\\db\/mcu/
2023-10-28 11:10:29,087 [INFO] ApiDb:274 - Set plugin database path to: C:\ST\STM32CubeIDE_1.13.0\STM32CubeIDE\plugins\com.st.stm32cube.common.mx_6.9.0.202307051724\\db\/plugins/boardmanager/
2023-10-28 11:10:29,087 [WARN] ApiDb:259 - Overriding images path with different value:  => C:\ST\STM32CubeIDE_1.13.0\STM32CubeIDE\plugins\com.st.stm32cube.common.mx_6.9.0.202307051724\\db\/plugins/mcufinder/images/
2023-10-28 11:10:29,117 [INFO] ApiDb:250 - Set database path to: C:\Users\Amit Tayade\.stmcufinder\plugins\mcufinder//mcu/
2023-10-28 11:10:29,119 [INFO] DbMcusAds:125 - Set database path to: C:\Users\Amit Tayade\.stmcufinder\plugins\mcufinder//mcu/
2023-10-28 11:10:29,123 [INFO] CrossReferenceDbSqlite:203 - Set database path to: C:\Users\Amit Tayade\.stmcufinder\plugins\mcufinder//mcu/cs/
2023-10-28 11:10:29,333 [INFO] RulesReader:64 - Compatibility file has been processed (293 Rules)
2023-10-28 11:10:29,478 [INFO] DbMcusXml:78 - Set database path to: C:\ST\STM32CubeIDE_1.13.0\STM32CubeIDE\plugins\com.st.stm32cube.common.mx_6.9.0.202307051724\\db\/mcu/
2023-10-28 11:10:29,479 [INFO] ApiDb:274 - Set plugin database path to: C:\ST\STM32CubeIDE_1.13.0\STM32CubeIDE\plugins\com.st.stm32cube.common.mx_6.9.0.202307051724\\db\/plugins/boardmanager/
2023-10-28 11:10:29,479 [INFO] ApiDb:261 - Set plugin images path to: C:\ST\STM32CubeIDE_1.13.0\STM32CubeIDE\plugins\com.st.stm32cube.common.mx_6.9.0.202307051724\\db\/plugins/mcufinder/images/
2023-10-28 11:10:29,479 [WARN] DbFile:41 - Overriding database path with different value: C:\Users\Amit Tayade\.stmcufinder\plugins\mcufinder/ => C:\Users\Amit Tayade\.stmcufinder\plugins\mcufinder
2023-10-28 11:10:29,479 [INFO] ApiDb:250 - Set database path to: C:\Users\Amit Tayade\.stmcufinder\plugins\mcufinder//mcu/
2023-10-28 11:10:29,480 [WARN] DbFile:41 - Overriding database path with different value: C:\Users\Amit Tayade\.stmcufinder\plugins\mcufinder/ => C:\Users\Amit Tayade\.stmcufinder\plugins\mcufinder
2023-10-28 11:10:29,480 [INFO] DbMcusAds:125 - Set database path to: C:\Users\Amit Tayade\.stmcufinder\plugins\mcufinder//mcu/
2023-10-28 11:10:29,480 [WARN] DbFile:41 - Overriding database path with different value: C:\Users\Amit Tayade\.stmcufinder\plugins\mcufinder/ => C:\Users\Amit Tayade\.stmcufinder\plugins\mcufinder
2023-10-28 11:10:29,480 [WARN] DbFile:41 - Overriding database path with different value: C:\Users\Amit Tayade\.stmcufinder\plugins\mcufinder/ => C:\Users\Amit Tayade\.stmcufinder\plugins\mcufinder
2023-10-28 11:10:29,480 [INFO] CrossReferenceDbSqlite:203 - Set database path to: C:\Users\Amit Tayade\.stmcufinder\plugins\mcufinder//mcu/cs/
2023-10-28 11:10:29,607 [INFO] MainPanel:262 - HeapMemory: 268435456
2023-10-28 11:10:29,751 [INFO] DbMcusXml:78 - Set database path to: C:\ST\STM32CubeIDE_1.13.0\STM32CubeIDE\plugins\com.st.stm32cube.common.mx_6.9.0.202307051724\\db\/mcu/
2023-10-28 11:10:29,751 [INFO] ApiDb:274 - Set plugin database path to: C:\ST\STM32CubeIDE_1.13.0\STM32CubeIDE\plugins\com.st.stm32cube.common.mx_6.9.0.202307051724\\db\/plugins/boardmanager/
2023-10-28 11:10:29,751 [INFO] ApiDb:261 - Set plugin images path to: C:\ST\STM32CubeIDE_1.13.0\STM32CubeIDE\plugins\com.st.stm32cube.common.mx_6.9.0.202307051724\\db\/plugins/mcufinder/images/
2023-10-28 11:10:29,752 [WARN] DbFile:41 - Overriding database path with different value: C:\Users\Amit Tayade\.stmcufinder\plugins\mcufinder/ => C:\Users\Amit Tayade\.stmcufinder\plugins\mcufinder
2023-10-28 11:10:29,752 [INFO] ApiDb:250 - Set database path to: C:\Users\Amit Tayade\.stmcufinder\plugins\mcufinder//mcu/
2023-10-28 11:10:29,752 [WARN] DbFile:41 - Overriding database path with different value: C:\Users\Amit Tayade\.stmcufinder\plugins\mcufinder/ => C:\Users\Amit Tayade\.stmcufinder\plugins\mcufinder
2023-10-28 11:10:29,752 [INFO] DbMcusAds:125 - Set database path to: C:\Users\Amit Tayade\.stmcufinder\plugins\mcufinder//mcu/
2023-10-28 11:10:29,752 [WARN] DbFile:41 - Overriding database path with different value: C:\Users\Amit Tayade\.stmcufinder\plugins\mcufinder/ => C:\Users\Amit Tayade\.stmcufinder\plugins\mcufinder
2023-10-28 11:10:29,752 [WARN] DbFile:41 - Overriding database path with different value: C:\Users\Amit Tayade\.stmcufinder\plugins\mcufinder/ => C:\Users\Amit Tayade\.stmcufinder\plugins\mcufinder
2023-10-28 11:10:29,752 [INFO] CrossReferenceDbSqlite:203 - Set database path to: C:\Users\Amit Tayade\.stmcufinder\plugins\mcufinder//mcu/cs/
2023-10-28 11:10:29,777 [INFO] ApplicationProperties:184 - Using Application install path: C:\ST\STM32CubeIDE_1.13.0\STM32CubeIDE\plugins\com.st.stm32cube.common.mx_6.9.0.202307051724
2023-10-28 11:10:29,779 [INFO] PluginManage:196 - Search for loadable plugins [exclusion list=, ]
2023-10-28 11:10:29,782 [INFO] PluginManage:310 - Check plugin analytics
2023-10-28 11:10:30,025 [INFO] AnalyticsPlugin:253 - Accepted Software Licenses: 
2023-10-28 11:10:30,025 [INFO] AnalyticsPlugin:255 - Accepted CMSIS Pack Licenses: 
2023-10-28 11:10:30,026 [INFO] AnalyticsPlugin:257 - Accepted Firmware Licenses: FW.F4.1.27.0
2023-10-28 11:10:30,028 [INFO] PluginManage:359 - Loaded plugin analytics (category:tool,tabindex:-1)
2023-10-28 11:10:30,029 [INFO] PluginManage:310 - Check plugin cadmodel
2023-10-28 11:10:30,038 [ERROR] ConfigurationRetriever:142 - IOException on connection: sw-center.st.com
2023-10-28 11:10:30,041 [INFO] CADModel:105 - Init CAD model plugin
2023-10-28 11:10:30,041 [ERROR] ConfigurationRetriever:142 - IOException on connection: sw-center.st.com
2023-10-28 11:10:30,042 [INFO] PluginManage:359 - Loaded plugin cadmodel (category:power,tabindex:5)
2023-10-28 11:10:30,042 [INFO] PluginManage:310 - Check plugin clock
2023-10-28 11:10:30,044 [ERROR] ConfigurationRetriever:142 - IOException on connection: sw-center.st.com
2023-10-28 11:10:30,065 [INFO] PluginManage:359 - Loaded plugin clock (category:base,tabindex:2)
2023-10-28 11:10:30,066 [INFO] PluginManage:310 - Check plugin ddr
2023-10-28 11:10:30,069 [INFO] PluginManage:359 - Loaded plugin ddr (category:tool,tabindex:6)
2023-10-28 11:10:30,070 [INFO] PluginManage:310 - Check plugin filemanager
2023-10-28 11:10:30,247 [INFO] PluginManage:359 - Loaded plugin filemanager (category:base,tabindex:10)
2023-10-28 11:10:30,247 [INFO] PluginManage:310 - Check plugin ipmanager
2023-10-28 11:10:30,255 [INFO] PluginManage:359 - Loaded plugin ipmanager (category:base,tabindex:5)
2023-10-28 11:10:30,256 [INFO] PluginManage:310 - Check plugin lpbam
2023-10-28 11:10:30,268 [INFO] PluginManage:359 - Loaded plugin lpbam (category:base,tabindex:0)
2023-10-28 11:10:30,269 [INFO] PluginManage:310 - Check plugin memorymap
2023-10-28 11:10:30,287 [INFO] PluginManage:359 - Loaded plugin memorymap (category:base,tabindex:4)
2023-10-28 11:10:30,288 [INFO] PluginManage:310 - Check plugin pinoutandconfiguration
2023-10-28 11:10:30,299 [INFO] PluginManage:359 - Loaded plugin pinoutandconfiguration (category:base,tabindex:1)
2023-10-28 11:10:30,299 [INFO] PluginManage:310 - Check plugin pinoutconfig
2023-10-28 11:10:30,434 [WARN] SupportedApi:132 - Cannot load RTOS API schema: s4s-elt-must-match.1: The content of 'definitions' must match (annotation?, (simpleType | complexType)?, (unique | key | keyref)*)). A problem was found starting at: attribute.
2023-10-28 11:10:30,648 [INFO] PluginManage:359 - Loaded plugin pinoutconfig (category:base,tabindex:0)
2023-10-28 11:10:30,649 [INFO] PluginManage:310 - Check plugin power
2023-10-28 11:10:30,666 [INFO] PluginManage:359 - Loaded plugin power (category:power,tabindex:4)
2023-10-28 11:10:30,666 [INFO] PluginManage:310 - Check plugin projectmanager
2023-10-28 11:10:30,688 [INFO] PluginManage:359 - Loaded plugin projectmanager (category:projectmanager,tabindex:3)
2023-10-28 11:10:30,688 [INFO] PluginManage:310 - Check plugin thirdparty
2023-10-28 11:10:30,906 [INFO] PluginManage:359 - Loaded plugin thirdparty (category:base,tabindex:-1)
2023-10-28 11:10:30,906 [WARN] IntegrityCheckThread:84 - waiting for thirdparty lock release [integrity check]
2023-10-28 11:10:30,906 [INFO] PluginManage:310 - Check plugin tools
2023-10-28 11:10:30,906 [INFO] IntegrityCheckThread:86 - entering critical section [integrity check]
2023-10-28 11:10:30,907 [INFO] ThirdPartyUpdaterWithRetryManager:70 - Updater plugin not ready yet. [1/15]
2023-10-28 11:10:30,911 [INFO] PluginManage:359 - Loaded plugin tools (category:base,tabindex:7)
2023-10-28 11:10:30,911 [INFO] PluginManage:310 - Check plugin tutovideos
2023-10-28 11:10:31,155 [INFO] PluginManage:359 - Loaded plugin tutovideos (category:base,tabindex:-1)
2023-10-28 11:10:31,155 [INFO] PluginManage:310 - Check plugin updater
2023-10-28 11:10:31,170 [INFO] PluginManage:359 - Loaded plugin updater (category:base,tabindex:12)
2023-10-28 11:10:31,170 [INFO] PluginManage:310 - Check plugin userauth
2023-10-28 11:10:31,178 [INFO] UserAuth:113 - Init User Auth plugin
2023-10-28 11:10:31,178 [INFO] PluginManage:359 - Loaded plugin userauth (category:base,tabindex:14)
2023-10-28 11:10:31,180 [INFO] PluginManage:283 - PluginManage : Loaded plugins [17]
2023-10-28 11:10:31,506 [INFO] PinOutPanel:1499 - setPackage(No Configuration,No Configuration)
2023-10-28 11:10:31,640 [INFO] CADModel:165 - CPN selected for project level
2023-10-28 11:10:31,640 [INFO] CADModel:114 - Register for checkConnection events
2023-10-28 11:10:31,665 [INFO] IPUIPlugin:80 - create IPUIPlugin
2023-10-28 11:10:31,665 [INFO] PluginManager:220 - loadIPPluginJar : add adc
2023-10-28 11:10:31,669 [INFO] IPUIPlugin:80 - create IPUIPlugin
2023-10-28 11:10:31,669 [INFO] PluginManager:220 - loadIPPluginJar : add aes
2023-10-28 11:10:31,673 [INFO] IPUIPlugin:80 - create IPUIPlugin
2023-10-28 11:10:31,673 [INFO] PluginManager:220 - loadIPPluginJar : add can
2023-10-28 11:10:31,675 [INFO] IPUIPlugin:80 - create IPUIPlugin
2023-10-28 11:10:31,676 [INFO] PluginManager:220 - loadIPPluginJar : add comp
2023-10-28 11:10:31,679 [INFO] IPUIPlugin:80 - create IPUIPlugin
2023-10-28 11:10:31,679 [INFO] PluginManager:220 - loadIPPluginJar : add cryp
2023-10-28 11:10:31,683 [INFO] IPUIPlugin:80 - create IPUIPlugin
2023-10-28 11:10:31,683 [INFO] PluginManager:220 - loadIPPluginJar : add dfsdm
2023-10-28 11:10:31,691 [INFO] IPUIPlugin:80 - create IPUIPlugin
2023-10-28 11:10:31,692 [INFO] PluginManager:220 - loadIPPluginJar : add dma
2023-10-28 11:10:31,697 [INFO] IPUIPlugin:80 - create IPUIPlugin
2023-10-28 11:10:31,697 [INFO] PluginManager:220 - loadIPPluginJar : add dma3
2023-10-28 11:10:31,700 [INFO] IPUIPlugin:80 - create IPUIPlugin
2023-10-28 11:10:31,700 [INFO] PluginManager:220 - loadIPPluginJar : add fatfs
2023-10-28 11:10:31,707 [INFO] IPUIPlugin:80 - create IPUIPlugin
2023-10-28 11:10:31,707 [INFO] PluginManager:220 - loadIPPluginJar : add fmc
2023-10-28 11:10:31,716 [INFO] IPUIPlugin:80 - create IPUIPlugin
2023-10-28 11:10:31,716 [INFO] PluginManager:220 - loadIPPluginJar : add freertos
2023-10-28 11:10:31,719 [INFO] IPUIPlugin:80 - create IPUIPlugin
2023-10-28 11:10:31,720 [INFO] PluginManager:220 - loadIPPluginJar : add genericplugin
2023-10-28 11:10:31,724 [INFO] IPUIPlugin:80 - create IPUIPlugin
2023-10-28 11:10:31,724 [INFO] PluginManager:220 - loadIPPluginJar : add gfxmmu
2023-10-28 11:10:31,730 [INFO] IPUIPlugin:80 - create IPUIPlugin
2023-10-28 11:10:31,730 [INFO] PluginManager:220 - loadIPPluginJar : add gic
2023-10-28 11:10:31,736 [INFO] IPUIPlugin:80 - create IPUIPlugin
2023-10-28 11:10:31,736 [INFO] PluginManager:220 - loadIPPluginJar : add gpio
2023-10-28 11:10:31,741 [INFO] IPUIPlugin:80 - create IPUIPlugin
2023-10-28 11:10:31,741 [INFO] PluginManager:220 - loadIPPluginJar : add gtzc
2023-10-28 11:10:31,744 [INFO] IPUIPlugin:80 - create IPUIPlugin
2023-10-28 11:10:31,745 [INFO] PluginManager:220 - loadIPPluginJar : add hash
2023-10-28 11:10:31,748 [INFO] IPUIPlugin:80 - create IPUIPlugin
2023-10-28 11:10:31,748 [INFO] PluginManager:220 - loadIPPluginJar : add i2c
2023-10-28 11:10:31,752 [INFO] IPUIPlugin:80 - create IPUIPlugin
2023-10-28 11:10:31,753 [INFO] PluginManager:220 - loadIPPluginJar : add i2s
2023-10-28 11:10:31,756 [INFO] IPUIPlugin:80 - create IPUIPlugin
2023-10-28 11:10:31,756 [INFO] PluginManager:220 - loadIPPluginJar : add i3c
2023-10-28 11:10:31,761 [INFO] IPUIPlugin:80 - create IPUIPlugin
2023-10-28 11:10:31,762 [INFO] PluginManager:220 - loadIPPluginJar : add ipddr
2023-10-28 11:10:31,772 [INFO] IPUIPlugin:80 - create IPUIPlugin
2023-10-28 11:10:31,772 [INFO] PluginManager:220 - loadIPPluginJar : add linkedlist
2023-10-28 11:10:31,776 [INFO] IPUIPlugin:80 - create IPUIPlugin
2023-10-28 11:10:31,776 [INFO] PluginManager:220 - loadIPPluginJar : add lorawan
2023-10-28 11:10:31,779 [INFO] IPUIPlugin:80 - create IPUIPlugin
2023-10-28 11:10:31,780 [INFO] PluginManager:220 - loadIPPluginJar : add ltdc
2023-10-28 11:10:31,788 [INFO] IPUIPlugin:80 - create IPUIPlugin
2023-10-28 11:10:31,788 [INFO] PluginManager:220 - loadIPPluginJar : add mdma
2023-10-28 11:10:31,793 [INFO] IPUIPlugin:80 - create IPUIPlugin
2023-10-28 11:10:31,793 [INFO] PluginManager:220 - loadIPPluginJar : add nvic
2023-10-28 11:10:31,797 [INFO] IPUIPlugin:80 - create IPUIPlugin
2023-10-28 11:10:31,797 [INFO] PluginManager:220 - loadIPPluginJar : add opamp
2023-10-28 11:10:31,801 [INFO] IPUIPlugin:80 - create IPUIPlugin
2023-10-28 11:10:31,801 [INFO] PluginManager:220 - loadIPPluginJar : add openamp
2023-10-28 11:10:31,804 [INFO] IPUIPlugin:80 - create IPUIPlugin
2023-10-28 11:10:31,805 [INFO] PluginManager:220 - loadIPPluginJar : add pdm2pcm
2023-10-28 11:10:31,813 [INFO] IPUIPlugin:80 - create IPUIPlugin
2023-10-28 11:10:31,815 [INFO] PluginManager:220 - loadIPPluginJar : add plateformsettings
2023-10-28 11:10:31,818 [INFO] IPUIPlugin:80 - create IPUIPlugin
2023-10-28 11:10:31,818 [INFO] PluginManager:220 - loadIPPluginJar : add quadspi
2023-10-28 11:10:31,822 [INFO] IPUIPlugin:80 - create IPUIPlugin
2023-10-28 11:10:31,823 [INFO] PluginManager:220 - loadIPPluginJar : add resmgrutility
2023-10-28 11:10:31,826 [INFO] IPUIPlugin:80 - create IPUIPlugin
2023-10-28 11:10:31,826 [INFO] PluginManager:220 - loadIPPluginJar : add sai
2023-10-28 11:10:31,830 [INFO] IPUIPlugin:80 - create IPUIPlugin
2023-10-28 11:10:31,830 [INFO] PluginManager:220 - loadIPPluginJar : add spi
2023-10-28 11:10:31,837 [INFO] IPUIPlugin:80 - create IPUIPlugin
2023-10-28 11:10:31,837 [INFO] PluginManager:220 - loadIPPluginJar : add stm32_wpan
2023-10-28 11:10:31,840 [INFO] IPUIPlugin:80 - create IPUIPlugin
2023-10-28 11:10:31,840 [INFO] PluginManager:220 - loadIPPluginJar : add tim
2023-10-28 11:10:31,844 [INFO] IPUIPlugin:80 - create IPUIPlugin
2023-10-28 11:10:31,844 [INFO] PluginManager:220 - loadIPPluginJar : add touchsensing
2023-10-28 11:10:31,847 [INFO] IPUIPlugin:80 - create IPUIPlugin
2023-10-28 11:10:31,847 [INFO] PluginManager:220 - loadIPPluginJar : add tracer_emb
2023-10-28 11:10:31,850 [INFO] IPUIPlugin:80 - create IPUIPlugin
2023-10-28 11:10:31,850 [INFO] PluginManager:220 - loadIPPluginJar : add ts
2023-10-28 11:10:31,853 [INFO] IPUIPlugin:80 - create IPUIPlugin
2023-10-28 11:10:31,853 [INFO] PluginManager:220 - loadIPPluginJar : add tsc
2023-10-28 11:10:31,858 [INFO] IPUIPlugin:80 - create IPUIPlugin
2023-10-28 11:10:31,859 [INFO] PluginManager:220 - loadIPPluginJar : add ucpd
2023-10-28 11:10:31,866 [INFO] IPUIPlugin:80 - create IPUIPlugin
2023-10-28 11:10:31,867 [INFO] PluginManager:220 - loadIPPluginJar : add usart
2023-10-28 11:10:31,872 [INFO] IPUIPlugin:80 - create IPUIPlugin
2023-10-28 11:10:31,873 [INFO] PluginManager:220 - loadIPPluginJar : add usbx
2023-10-28 11:10:32,022 [INFO] CADModel:165 - CPN selected for project level
2023-10-28 11:10:32,022 [INFO] CADModel:114 - Register for checkConnection events
2023-10-28 11:10:32,024 [FATAL] Updater:308 - Updater called before beeing initialized
2023-10-28 11:10:32,025 [ERROR] CADModel:125 - Updater not yet initialized, retry later 
2023-10-28 11:10:32,215 [INFO] CADModel:165 - CPN selected for project level
2023-10-28 11:10:32,215 [INFO] CADModel:114 - Register for checkConnection events
2023-10-28 11:10:32,215 [FATAL] Updater:308 - Updater called before beeing initialized
2023-10-28 11:10:32,215 [ERROR] CADModel:125 - Updater not yet initialized, retry later 
2023-10-28 11:10:32,219 [FATAL] Updater:308 - Updater called before beeing initialized
2023-10-28 11:10:32,364 [FATAL] Updater:308 - Updater called before beeing initialized
2023-10-28 11:10:32,371 [INFO] DbMcusAds:53 - JSON generation date=Tue Mar 07 14:20:55 IST 2023 (1678179055114)
2023-10-28 11:10:32,371 [FATAL] Updater:308 - Updater called before beeing initialized
2023-10-28 11:10:32,420 [WARN] DetailPanel:346 - Failed to get advertising image, set to default
2023-10-28 11:10:32,540 [FATAL] Updater:308 - Updater called before beeing initialized
2023-10-28 11:10:32,542 [FATAL] Updater:308 - Updater called before beeing initialized
2023-10-28 11:10:32,543 [FATAL] Updater:308 - Updater called before beeing initialized
2023-10-28 11:10:32,543 [WARN] DetailPanel:346 - Failed to get advertising image, set to default
2023-10-28 11:10:32,544 [FATAL] Updater:308 - Updater called before beeing initialized
2023-10-28 11:10:32,592 [ERROR] Updater:1120 - MainUpdater not yet initialized. External WinMGr cannot be set.
2023-10-28 11:10:32,594 [INFO] Updater:1056 - Updater Version found : 6.9.0
2023-10-28 11:10:32,616 [INFO] ApplicationProperties:184 - Using Application install path: C:\ST\STM32CubeIDE_1.13.0\STM32CubeIDE\plugins\com.st.stm32cube.common.mx_6.9.0.202307051724
2023-10-28 11:10:32,727 [ERROR] ServerAccessManage:1146 - Warning during Server Connection :  Unknown host sw-center.st.com
2023-10-28 11:10:32,730 [INFO] MainUpdater:2868 - connection check result : 22
2023-10-28 11:10:32,730 [INFO] MainUpdater:285 - Updater Check For Update Now.
2023-10-28 11:10:32,731 [INFO] MicroXplorer:498 - Change Database Version : DB.6.0.90
2023-10-28 11:10:32,738 [INFO] McuFinderGlobals:63 - Set McuFinder mode to 2 (CubeIDE integrated)
2023-10-28 11:10:32,923 [INFO] CheckServerUpdateThread:120 - End of CheckServer Thread
2023-10-28 11:10:34,184 [WARN] PackLoader:240 - Cannot read IP mode file for STMicroelectronics.X-CUBE-SMBUS.2.1.0
2023-10-28 11:10:34,235 [WARN] PackLoader:240 - Cannot read IP mode file for STMicroelectronics.X-CUBE-AZRTOS-F7.1.1.0
2023-10-28 11:10:34,250 [WARN] PackLoader:240 - Cannot read IP mode file for STMicroelectronics.FP-SNS-MOTENV1.4.3.2
2023-10-28 11:10:34,262 [WARN] PackLoader:240 - Cannot read IP mode file for STMicroelectronics.X-CUBE-BLE1.6.2.4
2023-10-28 11:10:34,270 [WARN] PackLoader:240 - Cannot read IP mode file for STMicroelectronics.FP-SNS-FLIGHT1.5.0.2
2023-10-28 11:10:34,282 [WARN] PackLoader:240 - Cannot read IP mode file for STMicroelectronics.X-CUBE-DISPLAY.3.0.0
2023-10-28 11:10:34,298 [WARN] PackLoader:240 - Cannot read IP mode file for STMicroelectronics.X-CUBE-BLE1.7.0.0
2023-10-28 11:10:34,304 [WARN] PackLoader:240 - Cannot read IP mode file for emotas.I-CUBE-CANOPEN.1.3.0
2023-10-28 11:10:34,310 [WARN] PackLoader:240 - Cannot read IP mode file for STMicroelectronics.X-CUBE-TOUCHGFX.4.22.0
2023-10-28 11:10:34,313 [WARN] PackLoader:240 - Cannot read IP mode file for STMicroelectronics.X-CUBE-TOUCHGFX.4.22.1
2023-10-28 11:10:34,320 [WARN] PackLoader:240 - Cannot read IP mode file for STMicroelectronics.FP-SNS-SMARTAG2.1.2.0
2023-10-28 11:10:34,334 [INFO] LogOutputStream:77 - [STDOUT_REDIRECT] 1 : Invalid condition id : UX_CORESTACK_Condition cause : null
2023-10-28 11:10:34,335 [INFO] LogOutputStream:77 - [STDOUT_REDIRECT] 1 : Invalid condition id : UX_CORESTACK_Condition cause : null
2023-10-28 11:10:34,335 [INFO] LogOutputStream:77 - [STDOUT_REDIRECT] 1 : Invalid condition id : UX_CORESTACK_Condition cause : null
2023-10-28 11:10:34,336 [INFO] LogOutputStream:77 - [STDOUT_REDIRECT] 1 : Invalid condition id : UX_CORESTACK_Condition cause : null
2023-10-28 11:10:34,337 [INFO] LogOutputStream:77 - [STDOUT_REDIRECT] 1 : Invalid condition id : UX_CORESTACK_Condition cause : null
2023-10-28 11:10:34,343 [WARN] PackLoader:240 - Cannot read IP mode file for STMicroelectronics.X-CUBE-AZRTOS-WL.2.0.0
2023-10-28 11:10:34,357 [WARN] PackLoader:240 - Cannot read IP mode file for WES.I-CUBE-Cesium.1.3.0
2023-10-28 11:10:34,364 [WARN] PackLoader:240 - Cannot read IP mode file for STMicroelectronics.X-CUBE-BLE2.3.3.0
2023-10-28 11:10:34,374 [WARN] PackLoader:240 - Cannot read IP mode file for STMicroelectronics.X-CUBE-ALGOBUILD.1.3.0
2023-10-28 11:10:34,405 [WARN] PackLoader:240 - Cannot read IP mode file for STMicroelectronics.X-CUBE-AZRTOS-G0.1.1.0
2023-10-28 11:10:34,416 [WARN] PackLoader:240 - Cannot read IP mode file for STMicroelectronics.X-CUBE-NFC4.3.0.0
2023-10-28 11:10:34,422 [WARN] PackLoader:240 - Cannot read IP mode file for STMicroelectronics.FP-ATR-SIGFOX1.3.2.0
2023-10-28 11:10:34,465 [WARN] PackLoader:240 - Cannot read IP mode file for SEGGER.I-CUBE-embOS.1.3.1
2023-10-28 11:10:34,536 [WARN] PackLoader:240 - Cannot read IP mode file for STMicroelectronics.X-CUBE-GNSS1.6.0.0
2023-10-28 11:10:34,561 [WARN] PackLoader:240 - Cannot read IP mode file for STMicroelectronics.X-CUBE-AZRTOS-F4.1.1.0
2023-10-28 11:10:34,572 [WARN] PackLoader:240 - Cannot read IP mode file for wolfSSL.I-CUBE-wolfSSL.5.6.3
2023-10-28 11:10:34,598 [WARN] PackLoader:240 - Cannot read IP mode file for STMicroelectronics.X-CUBE-AZRTOS-L5.2.0.0
2023-10-28 11:10:34,666 [WARN] PackLoader:240 - Cannot read IP mode file for STMicroelectronics.X-CUBE-MEMS1.9.6.0
2023-10-28 11:10:34,916 [WARN] PackLoader:240 - Cannot read IP mode file for STMicroelectronics.X-CUBE-EEPRMA1.4.2.0
2023-10-28 11:10:34,926 [WARN] PackLoader:240 - Cannot read IP mode file for ITTIA_DB.I-CUBE-ITTIADB.8.8.0
2023-10-28 11:10:34,939 [WARN] PackLoader:240 - Cannot read IP mode file for STMicroelectronics.X-CUBE-BLEMGR.2.0.0
2023-10-28 11:10:35,015 [WARN] ConditionMgr:438 - getConditionDescription Invalid condition id : UX DEVICE CLASS RTOS Condition cause : null
2023-10-28 11:10:35,015 [WARN] ConditionMgr:438 - getConditionDescription Invalid condition id : UX DEVICE CLASS RTOS Condition cause : null
2023-10-28 11:10:35,022 [WARN] PackLoader:240 - Cannot read IP mode file for STMicroelectronics.X-CUBE-AZRTOS-H7.3.1.0
2023-10-28 11:10:35,024 [WARN] ConditionMgr:1039 - genDependencies : Invalid condition id : UX DEVICE CLASS RTOS Condition cause : null
2023-10-28 11:10:35,025 [WARN] ConditionMgr:1039 - genDependencies : Invalid condition id : UX DEVICE CLASS RTOS Condition cause : null
2023-10-28 11:10:35,026 [WARN] ConditionMgr:1039 - genDependencies : Invalid condition id : UX DEVICE CLASS RTOS Condition cause : null
2023-10-28 11:10:35,027 [WARN] ConditionMgr:1039 - genDependencies : Invalid condition id : UX DEVICE CLASS RTOS Condition cause : null
2023-10-28 11:10:35,027 [WARN] ConditionMgr:1039 - genDependencies : Invalid condition id : UX DEVICE CLASS RTOS Condition cause : null
2023-10-28 11:10:35,038 [WARN] PackLoader:240 - Cannot read IP mode file for STMicroelectronics.X-CUBE-NFC7.1.0.1
2023-10-28 11:10:35,054 [WARN] PackLoader:240 - Cannot read IP mode file for STMicroelectronics.X-CUBE-NFC6.3.0.0
2023-10-28 11:10:35,075 [WARN] PackLoader:240 - Cannot read IP mode file for STMicroelectronics.X-CUBE-EEPRMA1.4.1.0
2023-10-28 11:10:35,082 [WARN] PackLoader:240 - Cannot read IP mode file for STMicroelectronics.X-CUBE-AI.8.1.0
2023-10-28 11:10:35,109 [WARN] ConditionMgr:438 - getConditionDescription Invalid condition id : LAN8742 Phy interface Condition cause : null
2023-10-28 11:10:35,110 [WARN] PackLoader:240 - Cannot read IP mode file for STMicroelectronics.X-CUBE-AZRTOS-L4.2.0.0
2023-10-28 11:10:35,128 [WARN] ConditionMgr:1039 - genDependencies : Invalid condition id : LAN8742 Phy interface Condition cause : null
2023-10-28 11:10:35,128 [WARN] ConditionMgr:1039 - genDependencies : Invalid condition id : LAN8742 Phy interface Condition cause : null
2023-10-28 11:10:35,129 [WARN] ConditionMgr:1039 - genDependencies : Invalid condition id : LAN8742 Phy interface Condition cause : null
2023-10-28 11:10:35,139 [WARN] PackLoader:240 - Cannot read IP mode file for STMicroelectronics.X-CUBE-SFXS2LP1.4.0.0
2023-10-28 11:10:35,146 [WARN] PackLoader:240 - Cannot read IP mode file for STMicroelectronics.X-CUBE-ISPU.1.1.0
2023-10-28 11:10:35,163 [WARN] ConditionMgr:438 - getConditionDescription Invalid condition id : UX DEVICE CLASS RTOS Condition cause : null
2023-10-28 11:10:35,163 [WARN] ConditionMgr:438 - getConditionDescription Invalid condition id : UX DEVICE CLASS RTOS Condition cause : null
2023-10-28 11:10:35,166 [WARN] PackLoader:240 - Cannot read IP mode file for STMicroelectronics.X-CUBE-AZRTOS-WB.2.0.0
2023-10-28 11:10:35,167 [WARN] ConditionMgr:1039 - genDependencies : Invalid condition id : UX DEVICE CLASS RTOS Condition cause : null
2023-10-28 11:10:35,167 [WARN] ConditionMgr:1039 - genDependencies : Invalid condition id : UX DEVICE CLASS RTOS Condition cause : null
2023-10-28 11:10:35,168 [WARN] ConditionMgr:1039 - genDependencies : Invalid condition id : UX DEVICE CLASS RTOS Condition cause : null
2023-10-28 11:10:35,168 [WARN] ConditionMgr:1039 - genDependencies : Invalid condition id : UX DEVICE CLASS RTOS Condition cause : null
2023-10-28 11:10:35,168 [WARN] ConditionMgr:1039 - genDependencies : Invalid condition id : UX DEVICE CLASS RTOS Condition cause : null
2023-10-28 11:10:35,189 [WARN] PackLoader:240 - Cannot read IP mode file for STMicroelectronics.X-CUBE-FREERTOS.1.0.1
2023-10-28 11:10:35,210 [WARN] PackLoader:240 - Cannot read IP mode file for STMicroelectronics.X-CUBE-AZRTOS-L5.1.1.0
2023-10-28 11:10:35,220 [WARN] PackLoader:240 - Cannot read IP mode file for STMicroelectronics.X-CUBE-AI.8.0.1
2023-10-28 11:10:35,243 [WARN] PackLoader:240 - Cannot read IP mode file for STMicroelectronics.X-CUBE-SUBG2.5.0.0
2023-10-28 11:10:35,265 [WARN] PackLoader:240 - Cannot read IP mode file for STMicroelectronics.X-CUBE-TOF1.3.3.1
2023-10-28 11:10:35,294 [WARN] PackLoader:240 - Cannot read IP mode file for STMicroelectronics.X-CUBE-AZRTOS-G4.2.0.0
2023-10-28 11:10:35,314 [WARN] PackLoader:240 - Cannot read IP mode file for Infineon.AIROC-Wi-Fi-Bluetooth-STM32.1.5.1
2023-10-28 11:10:35,370 [WARN] PackLoader:240 - Cannot read IP mode file for STMicroelectronics.X-CUBE-MEMS1.10.0.0
2023-10-28 11:10:35,488 [WARN] PackLoader:240 - Cannot read IP mode file for STMicroelectronics.X-CUBE-FREERTOS.1.1.0
2023-10-28 11:10:35,494 [WARN] PackLoader:240 - Cannot read IP mode file for portGmbH.I-Cube-SoM-uGOAL.1.1.0
2023-10-28 11:10:35,498 [WARN] PackLoader:240 - Cannot read IP mode file for STMicroelectronics.X-CUBE-ALS.1.0.1
2023-10-28 11:10:35,517 [WARN] PackLoader:240 - Cannot read IP mode file for STMicroelectronics.X-CUBE-AZRTOS-WB.1.1.0
2023-10-28 11:10:35,522 [WARN] PackLoader:240 - Cannot read IP mode file for STMicroelectronics.FP-ATR-ASTRA1.2.0.0
2023-10-28 11:10:35,523 [INFO] ThirdParty:978 - Integrity check success = true
2023-10-28 11:10:35,523 [INFO] IntegrityCheckThread:100 - exiting critical section [integrity check]
2023-10-28 11:10:35,523 [INFO] IntegrityCheckThread:103 - End integrity checks thread
2023-10-28 11:10:39,790 [INFO] McuFinderGlobals:63 - Set McuFinder mode to 2 (CubeIDE integrated)
2023-10-28 11:10:39,803 [INFO] MainUpdater:2868 - connection check result : 22
2023-10-28 11:10:39,805 [INFO] MainUpdater:2868 - connection check result : 22
2023-10-28 11:10:44,903 [ERROR] ServerAccessManage:1146 - Warning during Server Connection :  Unknown host sw-center.st.com
2023-10-28 11:10:44,904 [INFO] MainUpdater:2868 - connection check result : 22
2023-10-28 11:10:47,766 [INFO] MicroXplorer:468 - Change Database Path : 
2023-10-28 11:10:47,767 [INFO] MicroXplorer:498 - Change Database Version : DB.6.0.90
2023-10-28 11:10:47,772 [WARN] ThirdParty:871 - waiting for thirdparty lock release [close project]
2023-10-28 11:10:47,772 [INFO] ThirdParty:873 - entering critical section [close project]
2023-10-28 11:10:47,773 [INFO] ThirdParty:883 - exiting critical section [close project]
2023-10-28 11:10:47,776 [INFO] PinOutPanel:1499 - setPackage(No Configuration,No Configuration)
2023-10-28 11:10:47,785 [INFO] UtilMem:75 - Begin LoadConfig() Used Memory: 223663576 Bytes (313524224)
2023-10-28 11:10:47,787 [INFO] MicroXplorer:468 - Change Database Path : 
2023-10-28 11:10:47,787 [INFO] MicroXplorer:498 - Change Database Version : DB.6.0.90
2023-10-28 11:10:47,787 [INFO] OpenFileManager:308 - Change cursor
2023-10-28 11:10:47,825 [INFO] Mcu:1946 - Initializing MCU STM32F446R(C-E)Tx STM32F446RETx STM32F446RET6
2023-10-28 11:10:49,856 [INFO] Context:659 - Trying to add GPIOservice into a context  which must be forbidden
2023-10-28 11:10:51,182 [INFO] RtosManager:555 - Registered RTOS mode: class=CMSIS, group=RTOS, mode=CMSIS_V1, owner=FREERTOS
2023-10-28 11:10:51,185 [INFO] RtosManager:555 - Registered RTOS mode: class=CMSIS, group=RTOS2, mode=CMSIS_V2, owner=FREERTOS
2023-10-28 11:10:51,185 [INFO] RtosManager:555 - Registered RTOS mode: class=RTOS, group=Core, mode=CMSIS_V1, owner=FREERTOS
2023-10-28 11:10:51,185 [INFO] RtosManager:555 - Registered RTOS mode: class=RTOS, group=Core, mode=CMSIS_V2, owner=FREERTOS
2023-10-28 11:10:51,186 [WARN] ModelIntegratedComponent:184 - Missing modes for component STMicroelectronics:FreeRTOS:0.0.1:STMicroelectronics:RTOS:FreeRTOS:Core:::10.2.0:
2023-10-28 11:10:51,205 [WARN] ModelIntegratedComponent:63 - No mode defined for component null
2023-10-28 11:10:51,205 [WARN] ModelIntegratedComponent:63 - No mode defined for component null
2023-10-28 11:10:51,205 [WARN] ModelIntegratedComponent:63 - No mode defined for component null
2023-10-28 11:10:51,205 [WARN] ModelIntegratedComponent:63 - No mode defined for component null
2023-10-28 11:10:51,205 [WARN] ModelIntegratedComponent:63 - No mode defined for component null
2023-10-28 11:10:51,207 [WARN] ModelIntegratedComponent:63 - No mode defined for component null
2023-10-28 11:10:51,207 [WARN] ModelIntegratedComponent:63 - No mode defined for component null
2023-10-28 11:10:51,207 [WARN] ModelIntegratedComponent:63 - No mode defined for component null
2023-10-28 11:10:51,207 [WARN] ModelIntegratedComponent:63 - No mode defined for component null
2023-10-28 11:10:51,207 [WARN] ModelIntegratedComponent:63 - No mode defined for component null
2023-10-28 11:10:51,207 [WARN] ModelIntegratedComponent:63 - No mode defined for component null
2023-10-28 11:10:51,207 [WARN] ModelIntegratedComponent:63 - No mode defined for component null
2023-10-28 11:10:51,207 [WARN] ModelIntegratedComponent:63 - No mode defined for component null
2023-10-28 11:10:51,207 [WARN] ModelIntegratedComponent:63 - No mode defined for component null
2023-10-28 11:10:51,207 [WARN] ModelIntegratedComponent:63 - No mode defined for component null
2023-10-28 11:10:51,207 [WARN] ModelIntegratedComponent:63 - No mode defined for component null
2023-10-28 11:10:51,207 [WARN] ModelIntegratedComponent:63 - No mode defined for component null
2023-10-28 11:10:51,208 [WARN] ModelIntegratedComponent:63 - No mode defined for component null
2023-10-28 11:10:51,208 [WARN] ModelIntegratedComponent:63 - No mode defined for component null
2023-10-28 11:10:51,208 [WARN] ModelIntegratedComponent:63 - No mode defined for component null
2023-10-28 11:10:51,208 [WARN] ModelIntegratedComponent:63 - No mode defined for component null
2023-10-28 11:10:51,208 [WARN] ModelIntegratedComponent:63 - No mode defined for component null
2023-10-28 11:10:51,208 [WARN] ModelIntegratedComponent:63 - No mode defined for component null
2023-10-28 11:10:51,208 [WARN] ModelIntegratedComponent:63 - No mode defined for component null
2023-10-28 11:10:51,208 [WARN] ModelIntegratedComponent:63 - No mode defined for component null
2023-10-28 11:10:51,208 [WARN] ModelIntegratedComponent:63 - No mode defined for component null
2023-10-28 11:10:51,208 [WARN] ModelIntegratedComponent:63 - No mode defined for component null
2023-10-28 11:10:51,208 [WARN] ModelIntegratedComponent:63 - No mode defined for component null
2023-10-28 11:10:51,208 [WARN] ModelIntegratedComponent:63 - No mode defined for component null
2023-10-28 11:10:51,208 [WARN] ModelIntegratedComponent:63 - No mode defined for component null
2023-10-28 11:10:51,208 [WARN] ModelIntegratedComponent:63 - No mode defined for component null
2023-10-28 11:10:51,209 [WARN] ModelIntegratedComponent:63 - No mode defined for component null
2023-10-28 11:10:51,209 [WARN] ModelIntegratedComponent:63 - No mode defined for component null
2023-10-28 11:10:51,385 [INFO] ThirdPartyModel:298 - Start build external matchings
2023-10-28 11:10:52,167 [INFO] ThirdPartyModel:316 - End build external matchings
2023-10-28 11:10:52,851 [INFO] UtilMem:75 - End LoadConfig() Used Memory: 378700432 Bytes (655360000)
2023-10-28 11:10:53,388 [INFO] ApiDb:581 - Connected to CubeFinder SQLite database (C:\Users\Amit Tayade\.stmcufinder\plugins\mcufinder\mcu\cube-finder-db.db)
2023-10-28 11:10:53,514 [INFO] ApiDb:668 - CubeFinder database Data Model version=2.1
2023-10-28 11:10:53,514 [INFO] ApiDb:669 - CubeFinder database Configuration version=3.0.37
2023-10-28 11:10:53,515 [INFO] ApiDb:670 - CubeFinder database generation date=2023-08-09 (1691586011)
2023-10-28 11:10:53,515 [INFO] ApiDb:671 - CubeFinder database FW Pack versions=[FP-ATR-ASTRA1_V2.0.0, FP-SNS-FLIGHT1_V5.0.1, FP-SNS-FLIGHT1_V5.0.2, FP-SNS-MOTENV1_V4.3.1, FP-SNS-MOTENV1_V4.3.2, STM32Cube_FW_C0_V1.1.0, STM32Cube_FW_F4_V1.27.1, STM32Cube_FW_F7_V1.17.0, STM32Cube_FW_G0_V1.6.1, STM32Cube_FW_G4_V1.5.1, STM32Cube_FW_H5_V0.5.1, STM32Cube_FW_H5_V1.1.0, STM32Cube_FW_H7_V1.11.0, STM32Cube_FW_L0_V1.12.2, STM32Cube_FW_L5_V1.5.0, STM32Cube_FW_U5_V1.3.0, STM32Cube_FW_U5_V1.3.0RC4, STM32Cube_FW_WBA_V1.0.0RC1, STM32Cube_FW_WBA_V1.1.0, STM32Cube_FW_WBA_V1.1.0RC1, STM32Cube_FW_WB_V1.15.0RC1, STM32Cube_FW_WB_V1.16.0, STM32Cube_FW_WB_V1.16.0RC2, STM32Cube_FW_WB_V1.17.0, STM32Cube_FW_WL_V1.3.0, X-CUBE-ALGOBUILD_V1.3.0, X-CUBE-ALS_V1.0.1, X-CUBE-AZRTOS-F4_V1.1.0, X-CUBE-AZRTOS-F7_V1.1.0, X-CUBE-AZRTOS-G0_V1.1.0, X-CUBE-AZRTOS-G4_V2.0.0, X-CUBE-AZRTOS-H7_V3.1.0, X-CUBE-AZRTOS-L4_V1.0.0, X-CUBE-AZRTOS-L4_V2.0.0, X-CUBE-AZRTOS-L5_V1.1.0, X-CUBE-AZRTOS-WB_V1.1.0, X-CUBE-AZRTOS-WL_V2.0.0, X-CUBE-BLE1_V7.0.0, X-CUBE-BLE2_V3.3.0, X-CUBE-BLEMGR_V2.0.0, X-CUBE-EEPRMA1_V4.1.0, X-CUBE-FREERTOS_V1.1.0, X-CUBE-GNSS1_V6.0.0, X-CUBE-MEMS1_V9.1.0, X-CUBE-MEMS1_V9.4.0, X-CUBE-MEMS1_V9.6.0, X-CUBE-NFC4_V3.0.0, X-CUBE-NFC7_V1.0.0, X-CUBE-SFXS2LP1_V4.0.0, X-CUBE-SUBG2_V5.0.0, X-CUBE-TOF1_V3.3.1]
2023-10-28 11:10:53,846 [ERROR] LogOutputStream:75 - [STDERR_REDIRECT] SLF4J: Failed to load class "org.slf4j.impl.StaticLoggerBinder".
2023-10-28 11:10:53,850 [ERROR] LogOutputStream:75 - [STDERR_REDIRECT] SLF4J: Defaulting to no-operation (NOP) logger implementation
2023-10-28 11:10:53,852 [ERROR] LogOutputStream:75 - [STDERR_REDIRECT] SLF4J: See http://www.slf4j.org/codes.html#StaticLoggerBinder for further details.
2023-10-28 11:10:56,689 [INFO] ApiDb:240 - Found 323 in-development CPN: [B-G473E-ZEST1S, B-WB1M-WPAN1, B-WL5M-SUBG1, NUCLEO-C031C6, NUCLEO-H503RB, NUCLEO-H563ZI, NUCLEO-U545RE-Q, NUCLEO-U5A5ZJ-Q, NUCLEO-WBA52CG, STEVAL-PROTEUS1, STEVAL-SMARTAG2, STEVAL-STWINBX1, STM320518-EVAL, STM32C0116-DK, STM32C011D6Y3TR, STM32C011D6Y6TR, STM32C011F4P3, STM32C011F4P6, STM32C011F4U3, STM32C011F4U6TR, STM32C011F6P3, STM32C011F6P6, STM32C011F6U3, STM32C011F6U6TR, STM32C011J4M3, STM32C011J4M6, STM32C011J6M3, STM32C011J6M6, STM32C0316-DK, STM32C031C4T3, STM32C031C4T6, STM32C031C4U3, STM32C031C4U6, STM32C031C6T3, STM32C031C6T6, STM32C031C6U3, STM32C031C6U6, STM32C031F4P3, STM32C031F4P6, STM32C031F6P3, STM32C031F6P6, STM32C031G4U3, STM32C031G4U6, STM32C031G6U3, STM32C031G6U6, STM32C031K4T3, STM32C031K4T6, STM32C031K4U3, STM32C031K4U6, STM32C031K6T3, STM32C031K6T6, STM32C031K6U3, STM32C031K6U6, STM32G071K8TXN, STM32G071K8UXN, STM32G081GBU6N, STM32G081KBT6N, STM32G081KBUXN, STM32G0B1CCT6N, STM32G0B1KCT6, STM32G0B1NEY6TR, STM32G0B1RCT6N, STM32G0C1CCT6, STM32G0C1CCT6N, STM32G0C1CCU6N, STM32G0C1CET6N, STM32G0C1CEU6N, STM32G0C1KCT6, STM32G0C1NEY6TR, STM32G0C1RCI6N, STM32G0C1RCT6N, STM32G0C1REI6N, STM32G0C1RET6N, STM32G0C1VCI6, STM32G0C1VEI6, STM32G471CCT6, STM32G471CCU6, STM32G471CET3, STM32G471CET6, STM32G471CEU3, STM32G471CEU6, STM32G471MCT6, STM32G471MET3, STM32G471MET6, STM32G471MEY6TR, STM32G471QCT6, STM32G471QET3, STM32G471RCT6, STM32G471RET3, STM32G471RET6, STM32G471VCH6, STM32G471VCI6, STM32G471VCT6, STM32G471VEH3, STM32G471VEH6, STM32G471VEI3, STM32G471VEI6, STM32G471VET3, STM32G471VET6, STM32G474CCT6, STM32H503CBT6, STM32H503CBU6, STM32H503EBY6TR, STM32H503KBU6, STM32H503RBT6, STM32H562AGI6, STM32H562AII6, STM32H562IGK6, STM32H562IGT6, STM32H562IIK6, STM32H562IIT6, STM32H562RGT6, STM32H562RGV6, STM32H562RIT6, STM32H562RIV6, STM32H562VGT6, STM32H562VIT6, STM32H562ZGT6, STM32H562ZIT6, STM32H563AGI6, STM32H563AII3Q, STM32H563AII6, STM32H563IGK6, STM32H563IGT6, STM32H563IIK3Q, STM32H563IIK6, STM32H563IIT3Q, STM32H563IIT6, STM32H563MIY3QTR, STM32H563RGT6, STM32H563RGV6, STM32H563RIT6, STM32H563RIV6, STM32H563VGT6, STM32H563VIT3Q, STM32H563VIT6, STM32H563ZGT6, STM32H563ZIT3Q, STM32H563ZIT6, STM32H573AII3Q, STM32H573AII6, STM32H573I-DK, STM32H573IIK3Q, STM32H573IIK6, STM32H573IIT3Q, STM32H573IIT6, STM32H573MIY3QTR, STM32H573RIT6, STM32H573RIV6, STM32H573VIT3Q, STM32H573VIT6, STM32H573ZIT3Q, STM32H573ZIT6, STM32L4R5QGI6STR, STM32MP131AAE3, STM32MP131AAF3, STM32MP131AAG3, STM32MP131CAE3, STM32MP131CAF3, STM32MP131CAG3, STM32MP131DAE7, STM32MP131DAF7, STM32MP131DAG7, STM32MP131FAE7, STM32MP131FAF7, STM32MP131FAG7, STM32MP133AAE3, STM32MP133AAF3, STM32MP133AAG3, STM32MP133CAE3, STM32MP133CAF3, STM32MP133CAG3, STM32MP133DAE7, STM32MP133DAF7, STM32MP133DAG7, STM32MP133FAE7, STM32MP133FAF7, STM32MP133FAG7, STM32MP135AAE3, STM32MP135AAF3, STM32MP135AAG3, STM32MP135CAE3, STM32MP135CAF3, STM32MP135CAG3, STM32MP135DAE7, STM32MP135DAF7, STM32MP135DAG7, STM32MP135F-DK, STM32MP135FAE7, STM32MP135FAF7, STM32MP135FAF7T, STM32MP135FAF7U, STM32MP135FAG7, STM32U535CBT6, STM32U535CBT6Q, STM32U535CBU6, STM32U535CBU6Q, STM32U535CCT6, STM32U535CCT6Q, STM32U535CCU6, STM32U535CCU6Q, STM32U535CET6, STM32U535CET6Q, STM32U535CEU6, STM32U535CEU6Q, STM32U535JEY6QTR, STM32U535NCY6QTR, STM32U535NEY6QTR, STM32U535RBI6, STM32U535RBI6Q, STM32U535RBT6, STM32U535RBT6Q, STM32U535RCI6, STM32U535RCI6Q, STM32U535RCT6, STM32U535RCT6Q, STM32U535REI6, STM32U535REI6Q, STM32U535RET6, STM32U535RET6Q, STM32U535VCI6, STM32U535VCI6Q, STM32U535VCT6, STM32U535VCT6Q, STM32U535VEI6, STM32U535VEI6Q, STM32U535VET6, STM32U535VET6Q, STM32U545CET6, STM32U545CET6Q, STM32U545CEU6, STM32U545CEU6Q, STM32U545JEY6QTR, STM32U545NEY6QTR, STM32U545REI6, STM32U545REI6Q, STM32U545RET6, STM32U545RET6Q, STM32U545VEI6, STM32U545VEI6Q, STM32U545VET6, STM32U545VET6Q, STM32U595AIH6, STM32U595AIH6Q, STM32U595AJH6, STM32U595AJH6Q, STM32U595QII6, STM32U595QII6Q, STM32U595QJI6, STM32U595QJI6Q, STM32U595RIT6, STM32U595RIT6Q, STM32U595RJT6, STM32U595RJT6Q, STM32U595VIT6, STM32U595VIT6Q, STM32U595VJT6, STM32U595VJT6Q, STM32U595ZIT6, STM32U595ZIT6Q, STM32U595ZIY6QTR, STM32U595ZJT6, STM32U595ZJT6Q, STM32U595ZJY6QTR, STM32U599BJY6QTR, STM32U599NIH6Q, STM32U599NJH6Q, STM32U599VIT6Q, STM32U599VJT6, STM32U599VJT6Q, STM32U599ZIT6Q, STM32U599ZIY6QTR, STM32U599ZJT6Q, STM32U599ZJY6QTR, STM32U5A5AJH6, STM32U5A5AJH6Q, STM32U5A5QJI6, STM32U5A5QJI6Q, STM32U5A5RJT6, STM32U5A5RJT6Q, STM32U5A5VJT6, STM32U5A5VJT6Q, STM32U5A5ZJT6, STM32U5A5ZJT6Q, STM32U5A5ZJY6QTR, STM32U5A9BJY6QTR, STM32U5A9J-DK, STM32U5A9NJH6Q, STM32U5A9VJT6Q, STM32U5A9ZJT6Q, STM32U5A9ZJY6QTR, STM32U5F7VIT6, STM32U5F7VIT6Q, STM32U5F7VJT6, STM32U5F7VJT6Q, STM32U5F9BJY6QTR, STM32U5F9NJH6Q, STM32U5F9VIT6Q, STM32U5F9VJT6Q, STM32U5F9ZIJ6QTR, STM32U5F9ZIT6Q, STM32U5F9ZJJ6QTR, STM32U5F9ZJT6Q, STM32U5G7VJT6, STM32U5G7VJT6Q, STM32U5G9BJY6QTR, STM32U5G9J-DK1, STM32U5G9J-DK2, STM32U5G9NJH6Q, STM32U5G9VJT6Q, STM32U5G9ZJJ6QTR, STM32U5G9ZJT6Q, STM32WB1MMCH6, STM32WBA52CEU6, STM32WBA52CEU6T, STM32WBA52CGU6, STM32WBA52CGU6T, STM32WBA52KEU6, STM32WBA52KEU6T, STM32WBA52KGU6, STM32WBA52KGU6T, STM32WL5MOCH6, STM32WL5MOCH6TR]
2023-10-28 11:10:56,696 [INFO] DbMcus:217 - Found 3848 MCUs, 3848 are supported
2023-10-28 11:10:56,698 [INFO] ApiDb:423 - Load user favorites file C:\Users\Amit Tayade/.stm32cubeide/favorites.mcus.txt: 0 item(s)
2023-10-28 11:10:56,698 [INFO] ApiDb:427 - User favorites MCUs=[]
2023-10-28 11:10:56,698 [INFO] DbMcus:223 - Set 0 / 0 favorites MCUs
2023-10-28 11:10:57,131 [WARN] ThirdParty:833 - waiting for thirdparty lock release [change project]
2023-10-28 11:10:57,131 [INFO] ThirdParty:835 - entering critical section [change project]
2023-10-28 11:10:57,132 [INFO] ThirdParty:1030 - CMSIS Pack Vendor :STMicroelectronics X-CUBE-ISPU 1.1.0
2023-10-28 11:10:57,132 [INFO] ThirdParty:1030 - CMSIS Pack Vendor :STMicroelectronics USBPD 4.1
2023-10-28 11:10:57,132 [INFO] ThirdParty:1030 - CMSIS Pack Vendor :STMicroelectronics X-CUBE-GNSS1 6.0.0
2023-10-28 11:10:57,132 [INFO] ThirdParty:1030 - CMSIS Pack Vendor :STMicroelectronics USB_HOST 2.0.0
2023-10-28 11:10:57,132 [INFO] ThirdParty:1030 - CMSIS Pack Vendor :STMicroelectronics X-CUBE-AZRTOS-F4 1.1.0
2023-10-28 11:10:57,132 [INFO] ThirdParty:1030 - CMSIS Pack Vendor :STMicroelectronics LIBJPEG 8.0.0
2023-10-28 11:10:57,132 [INFO] ThirdParty:1030 - CMSIS Pack Vendor :wolfSSL I-CUBE-wolfSSL 5.6.3
2023-10-28 11:10:57,132 [INFO] ThirdParty:1030 - CMSIS Pack Vendor :STMicroelectronics X-CUBE-SMBUS 2.1.0
2023-10-28 11:10:57,132 [INFO] ThirdParty:1030 - CMSIS Pack Vendor :STMicroelectronics USB_DEVICE 3.0.0
2023-10-28 11:10:57,132 [INFO] ThirdParty:1030 - CMSIS Pack Vendor :STMicroelectronics X-CUBE-AZRTOS-WB 2.0.0
2023-10-28 11:10:57,132 [INFO] ThirdParty:1030 - CMSIS Pack Vendor :STMicroelectronics X-CUBE-FREERTOS 1.0.1
2023-10-28 11:10:57,132 [INFO] ThirdParty:1030 - CMSIS Pack Vendor :STMicroelectronics X-CUBE-AZRTOS-F7 1.1.0
2023-10-28 11:10:57,132 [INFO] ThirdParty:1030 - CMSIS Pack Vendor :STMicroelectronics X-CUBE-AZRTOS-L5 2.0.0
2023-10-28 11:10:57,133 [INFO] ThirdParty:1030 - CMSIS Pack Vendor :STMicroelectronics USB_DEVICE 2.0.0
2023-10-28 11:10:57,133 [INFO] ThirdParty:1030 - CMSIS Pack Vendor :STMicroelectronics X-CUBE-MEMS1 9.6.0
2023-10-28 11:10:57,133 [INFO] ThirdParty:1030 - CMSIS Pack Vendor :STMicroelectronics X-CUBE-EEPRMA1 4.2.0
2023-10-28 11:10:57,133 [INFO] ThirdParty:1030 - CMSIS Pack Vendor :ITTIA_DB I-CUBE-ITTIADB 8.8.0
2023-10-28 11:10:57,133 [INFO] ThirdParty:1030 - CMSIS Pack Vendor :STMicroelectronics FP-SNS-MOTENV1 4.3.2
2023-10-28 11:10:57,133 [INFO] ThirdParty:1030 - CMSIS Pack Vendor :STMicroelectronics X-CUBE-ALGOBUILD 1.3.0
2023-10-28 11:10:57,133 [INFO] ThirdParty:1030 - CMSIS Pack Vendor :STMicroelectronics X-CUBE-BLE1 6.2.4
2023-10-28 11:10:57,133 [INFO] ThirdParty:1030 - CMSIS Pack Vendor :STMicroelectronics X-CUBE-AZRTOS-L5 1.1.0
2023-10-28 11:10:57,133 [INFO] ThirdParty:1030 - CMSIS Pack Vendor :STMicroelectronics FreeRTOS 0.0.1
2023-10-28 11:10:57,133 [INFO] ThirdParty:1030 - CMSIS Pack Vendor :STMicroelectronics X-CUBE-AZRTOS-G0 1.1.0
2023-10-28 11:10:57,133 [INFO] ThirdParty:1030 - CMSIS Pack Vendor :STMicroelectronics X-CUBE-BLEMGR 2.0.0
2023-10-28 11:10:57,133 [INFO] ThirdParty:1030 - CMSIS Pack Vendor :STMicroelectronics X-CUBE-AI 8.0.1
2023-10-28 11:10:57,133 [INFO] ThirdParty:1030 - CMSIS Pack Vendor :STMicroelectronics X-CUBE-NFC4 3.0.0
2023-10-28 11:10:57,133 [INFO] ThirdParty:1030 - CMSIS Pack Vendor :STMicroelectronics X-CUBE-SUBG2 5.0.0
2023-10-28 11:10:57,133 [INFO] ThirdParty:1030 - CMSIS Pack Vendor :STMicroelectronics STM32_WPAN 1.0.0
2023-10-28 11:10:57,133 [INFO] ThirdParty:1030 - CMSIS Pack Vendor :STMicroelectronics lwIP 2.0.3
2023-10-28 11:10:57,133 [INFO] ThirdParty:1030 - CMSIS Pack Vendor :STMicroelectronics FP-SNS-FLIGHT1 5.0.2
2023-10-28 11:10:57,134 [INFO] ThirdParty:1030 - CMSIS Pack Vendor :STMicroelectronics USB_HOST 1.0.0
2023-10-28 11:10:57,134 [INFO] ThirdParty:1030 - CMSIS Pack Vendor :STMicroelectronics X-CUBE-TOF1 3.3.1
2023-10-28 11:10:57,134 [INFO] ThirdParty:1030 - CMSIS Pack Vendor :STMicroelectronics X-CUBE-AZRTOS-G4 2.0.0
2023-10-28 11:10:57,134 [INFO] ThirdParty:1030 - CMSIS Pack Vendor :STMicroelectronics PDM2PCM 3.1.0
2023-10-28 11:10:57,134 [INFO] ThirdParty:1030 - CMSIS Pack Vendor :STMicroelectronics X-CUBE-AZRTOS-H7 3.1.0
2023-10-28 11:10:57,134 [INFO] ThirdParty:1030 - CMSIS Pack Vendor :Infineon AIROC-Wi-Fi-Bluetooth-STM32 1.5.1
2023-10-28 11:10:57,134 [INFO] ThirdParty:1030 - CMSIS Pack Vendor :STMicroelectronics PDM2PCM 3.3.0
2023-10-28 11:10:57,134 [INFO] ThirdParty:1030 - CMSIS Pack Vendor :STMicroelectronics X-CUBE-DISPLAY 3.0.0
2023-10-28 11:10:57,134 [INFO] ThirdParty:1030 - CMSIS Pack Vendor :STMicroelectronics X-CUBE-BLE1 7.0.0
2023-10-28 11:10:57,134 [INFO] ThirdParty:1030 - CMSIS Pack Vendor :STMicroelectronics FP-ATR-SIGFOX1 3.2.0
2023-10-28 11:10:57,134 [INFO] ThirdParty:1030 - CMSIS Pack Vendor :STMicroelectronics HAL Drivers 0.0.0
2023-10-28 11:10:57,134 [INFO] ThirdParty:1030 - CMSIS Pack Vendor :STMicroelectronics MBEDTLS 2.16.2
2023-10-28 11:10:57,134 [INFO] ThirdParty:1030 - CMSIS Pack Vendor :emotas I-CUBE-CANOPEN 1.3.0
2023-10-28 11:10:57,134 [INFO] ThirdParty:1030 - CMSIS Pack Vendor :STMicroelectronics X-CUBE-MEMS1 10.0.0
2023-10-28 11:10:57,134 [INFO] ThirdParty:1030 - CMSIS Pack Vendor :STMicroelectronics X-CUBE-FREERTOS 1.1.0
2023-10-28 11:10:57,134 [INFO] ThirdParty:1030 - CMSIS Pack Vendor :STMicroelectronics X-CUBE-TOUCHGFX 4.22.0
2023-10-28 11:10:57,134 [INFO] ThirdParty:1030 - CMSIS Pack Vendor :STMicroelectronics X-CUBE-NFC7 1.0.1
2023-10-28 11:10:57,135 [INFO] ThirdParty:1030 - CMSIS Pack Vendor :STMicroelectronics MBEDTLS 2.14.1
2023-10-28 11:10:57,135 [INFO] ThirdParty:1030 - CMSIS Pack Vendor :STMicroelectronics X-CUBE-TOUCHGFX 4.22.1
2023-10-28 11:10:57,135 [INFO] ThirdParty:1030 - CMSIS Pack Vendor :STMicroelectronics X-CUBE-NFC6 3.0.0
2023-10-28 11:10:57,135 [INFO] ThirdParty:1030 - CMSIS Pack Vendor :STMicroelectronics X-CUBE-EEPRMA1 4.1.0
2023-10-28 11:10:57,135 [INFO] ThirdParty:1030 - CMSIS Pack Vendor :portGmbH I-Cube-SoM-uGOAL 1.1.0
2023-10-28 11:10:57,135 [INFO] ThirdParty:1030 - CMSIS Pack Vendor :STMicroelectronics X-CUBE-ALS 1.0.1
2023-10-28 11:10:57,135 [INFO] ThirdParty:1030 - CMSIS Pack Vendor :STMicroelectronics ThreadX 1.0.0
2023-10-28 11:10:57,135 [INFO] ThirdParty:1030 - CMSIS Pack Vendor :STMicroelectronics FP-SNS-SMARTAG2 1.2.0
2023-10-28 11:10:57,135 [INFO] ThirdParty:1030 - CMSIS Pack Vendor :STMicroelectronics X-CUBE-AZRTOS-WB 1.1.0
2023-10-28 11:10:57,135 [INFO] ThirdParty:1030 - CMSIS Pack Vendor :STMicroelectronics X-CUBE-AZRTOS-WL 2.0.0
2023-10-28 11:10:57,135 [INFO] ThirdParty:1030 - CMSIS Pack Vendor :SEGGER I-CUBE-embOS 1.3.1
2023-10-28 11:10:57,135 [INFO] ThirdParty:1030 - CMSIS Pack Vendor :STMicroelectronics USB_DEVICE 1.0.0
2023-10-28 11:10:57,135 [INFO] ThirdParty:1030 - CMSIS Pack Vendor :STMicroelectronics X-CUBE-AI 8.1.0
2023-10-28 11:10:57,135 [INFO] ThirdParty:1030 - CMSIS Pack Vendor :STMicroelectronics X-CUBE-AZRTOS-L4 2.0.0
2023-10-28 11:10:57,135 [INFO] ThirdParty:1030 - CMSIS Pack Vendor :STMicroelectronics ThreadX 0.0.2
2023-10-28 11:10:57,135 [INFO] ThirdParty:1030 - CMSIS Pack Vendor :WES I-CUBE-Cesium 1.3.0
2023-10-28 11:10:57,135 [INFO] ThirdParty:1030 - CMSIS Pack Vendor :STMicroelectronics FP-ATR-ASTRA1 2.0.0
2023-10-28 11:10:57,135 [INFO] ThirdParty:1030 - CMSIS Pack Vendor :STMicroelectronics lwIP 2.1.2
2023-10-28 11:10:57,135 [INFO] ThirdParty:1030 - CMSIS Pack Vendor :STMicroelectronics X-CUBE-SFXS2LP1 4.0.0
2023-10-28 11:10:57,136 [INFO] ThirdParty:1030 - CMSIS Pack Vendor :STMicroelectronics X-CUBE-BLE2 3.3.0
2023-10-28 11:10:57,136 [INFO] ThirdParty:1030 - CMSIS Pack Vendor :STMicroelectronics PDM2PCM 3.2.0
2023-10-28 11:10:57,136 [INFO] ThirdParty:841 - exiting critical section [change project]
2023-10-28 11:10:57,697 [INFO] PinOutPanel:1499 - setPackage(No Configuration,No Configuration)
2023-10-28 11:10:57,699 [INFO] PinOutPanel:1499 - setPackage(STM32F446RETx,LQFP64)
2023-10-28 11:10:58,422 [INFO] UtilMem:75 - Before build in PCC Used Memory: 371326504 Bytes (655360000)
2023-10-28 11:10:59,771 [INFO] UtilMem:75 - After build in PCC Used Memory: 455131872 Bytes (655360000)
2023-10-28 11:10:59,814 [INFO] IPUIPlugin:80 - create IPUIPlugin
2023-10-28 11:10:59,814 [INFO] IPUIPlugin:80 - create IPUIPlugin
2023-10-28 11:10:59,814 [INFO] IPUIPlugin:80 - create IPUIPlugin
2023-10-28 11:10:59,814 [INFO] IPUIPlugin:80 - create IPUIPlugin
2023-10-28 11:10:59,814 [INFO] IPUIPlugin:80 - create IPUIPlugin
2023-10-28 11:10:59,815 [INFO] IPUIPlugin:80 - create IPUIPlugin
2023-10-28 11:10:59,815 [INFO] IPUIPlugin:80 - create IPUIPlugin
2023-10-28 11:10:59,816 [INFO] IPUIPlugin:80 - create IPUIPlugin
2023-10-28 11:10:59,816 [INFO] IPUIPlugin:80 - create IPUIPlugin
2023-10-28 11:10:59,816 [INFO] IPUIPlugin:80 - create IPUIPlugin
2023-10-28 11:10:59,816 [INFO] IPUIPlugin:80 - create IPUIPlugin
2023-10-28 11:10:59,816 [INFO] IPUIPlugin:80 - create IPUIPlugin
2023-10-28 11:10:59,817 [INFO] IPUIPlugin:80 - create IPUIPlugin
2023-10-28 11:10:59,817 [INFO] IPUIPlugin:80 - create IPUIPlugin
2023-10-28 11:10:59,817 [INFO] IPUIPlugin:80 - create IPUIPlugin
2023-10-28 11:10:59,817 [INFO] IPUIPlugin:80 - create IPUIPlugin
2023-10-28 11:10:59,817 [INFO] IPUIPlugin:80 - create IPUIPlugin
2023-10-28 11:10:59,818 [INFO] IPUIPlugin:80 - create IPUIPlugin
2023-10-28 11:10:59,818 [INFO] IPUIPlugin:80 - create IPUIPlugin
2023-10-28 11:10:59,818 [INFO] IPUIPlugin:80 - create IPUIPlugin
2023-10-28 11:10:59,818 [INFO] IPUIPlugin:80 - create IPUIPlugin
2023-10-28 11:10:59,819 [INFO] IPUIPlugin:80 - create IPUIPlugin
2023-10-28 11:10:59,819 [INFO] IPUIPlugin:80 - create IPUIPlugin
2023-10-28 11:10:59,819 [INFO] IPUIPlugin:80 - create IPUIPlugin
2023-10-28 11:10:59,820 [INFO] IPUIPlugin:80 - create IPUIPlugin
2023-10-28 11:10:59,820 [INFO] IPUIPlugin:80 - create IPUIPlugin
2023-10-28 11:10:59,820 [INFO] IPUIPlugin:80 - create IPUIPlugin
2023-10-28 11:10:59,821 [INFO] IPUIPlugin:80 - create IPUIPlugin
2023-10-28 11:10:59,821 [INFO] IPUIPlugin:80 - create IPUIPlugin
2023-10-28 11:10:59,821 [INFO] IPUIPlugin:80 - create IPUIPlugin
2023-10-28 11:10:59,822 [INFO] IPUIPlugin:80 - create IPUIPlugin
2023-10-28 11:10:59,822 [INFO] IPUIPlugin:80 - create IPUIPlugin
2023-10-28 11:10:59,823 [INFO] IPUIPlugin:80 - create IPUIPlugin
2023-10-28 11:10:59,823 [INFO] IPUIPlugin:80 - create IPUIPlugin
2023-10-28 11:10:59,823 [INFO] IPUIPlugin:80 - create IPUIPlugin
2023-10-28 11:10:59,824 [INFO] IPUIPlugin:80 - create IPUIPlugin
2023-10-28 11:10:59,824 [INFO] IPUIPlugin:80 - create IPUIPlugin
2023-10-28 11:10:59,825 [INFO] IPUIPlugin:80 - create IPUIPlugin
2023-10-28 11:10:59,825 [INFO] IPUIPlugin:80 - create IPUIPlugin
2023-10-28 11:10:59,825 [INFO] IPUIPlugin:80 - create IPUIPlugin
2023-10-28 11:10:59,826 [INFO] IPUIPlugin:80 - create IPUIPlugin
2023-10-28 11:10:59,826 [INFO] IPUIPlugin:80 - create IPUIPlugin
2023-10-28 11:10:59,826 [INFO] IPUIPlugin:80 - create IPUIPlugin
2023-10-28 11:10:59,827 [INFO] IPUIPlugin:80 - create IPUIPlugin
2023-10-28 11:10:59,827 [INFO] IPUIPlugin:80 - create IPUIPlugin
2023-10-28 11:10:59,828 [INFO] IPUIPlugin:80 - create IPUIPlugin
2023-10-28 11:10:59,828 [INFO] IPUIPlugin:80 - create IPUIPlugin
2023-10-28 11:10:59,829 [INFO] IPUIPlugin:80 - create IPUIPlugin
2023-10-28 11:10:59,829 [INFO] IPUIPlugin:80 - create IPUIPlugin
2023-10-28 11:10:59,830 [INFO] IPUIPlugin:80 - create IPUIPlugin
2023-10-28 11:10:59,830 [INFO] IPUIPlugin:80 - create IPUIPlugin
2023-10-28 11:10:59,831 [INFO] IPUIPlugin:80 - create IPUIPlugin
2023-10-28 11:10:59,832 [INFO] IPUIPlugin:80 - create IPUIPlugin
2023-10-28 11:10:59,832 [INFO] IPUIPlugin:80 - create IPUIPlugin
2023-10-28 11:10:59,832 [INFO] IPUIPlugin:80 - create IPUIPlugin
2023-10-28 11:10:59,833 [INFO] IPUIPlugin:80 - create IPUIPlugin
2023-10-28 11:10:59,833 [INFO] IPUIPlugin:80 - create IPUIPlugin
2023-10-28 11:10:59,834 [INFO] IPUIPlugin:80 - create IPUIPlugin
2023-10-28 11:10:59,835 [INFO] IPUIPlugin:80 - create IPUIPlugin
2023-10-28 11:10:59,835 [INFO] IPUIPlugin:80 - create IPUIPlugin
2023-10-28 11:10:59,964 [INFO] ApiDbMcu:507 - Load IP Config File for PDM2PCM
2023-10-28 11:10:59,996 [INFO] Can:71 - Can Add PropertyChangeListener com.st.microxplorer.plugins.ip.can.Can@64927b5d
2023-10-28 11:11:00,277 [INFO] CADModel:165 - CPN selected for project levelSTM32F446RET6
2023-10-28 11:11:00,277 [INFO] CADModel:114 - Register for checkConnection events
2023-10-28 11:11:00,317 [INFO] OpenFileManager:328 - Restore cursor
